City,Product Type,Trip or Order Status,Request Time,Begin Trip Time,Begin Trip Lat,Begin Trip Lng,Dropoff Time,Dropoff Lat,Dropoff Lng,Distance (miles),Fare Amount,Fare Currency
Natal,UberX,DRIVER_CANCELED,2023-02-21 03:14:26 +0000 UTC,1970-01-01 00:00:00 +0000 UTC,-5.87514,-35.17831,1970-01-01 00:00:00 +0000 UTC,-5.87213,-35.18029,0.00,3,BRL
Natal,UberX,CANCELED,2023-02-21 03:11:53 +0000 UTC,1970-01-01 00:00:00 +0000 UTC,,,1970-01-01 00:00:00 +0000 UTC,,,0.00,0,BRL
Natal,UberX,COMPLETED,2023-02-20 20:50:45 +0000 UTC,2023-02-20 20:55:41 +0000 UTC,-5.8421025,-35.20572,2023-02-20 21:05:52 +0000 UTC,-5.8660197,-35.1851,3.08,10.97,BRL
Natal,UberX,COMPLETED,2023-02-20 02:36:45 +0000 UTC,2023-02-20 02:39:07 +0000 UTC,-5.871208,-35.18097,2023-02-20 02:49:18 +0000 UTC,-5.842228,-35.205654,4.10,13.93,BRL
Natal,UberX,COMPLETED,2023-02-19 02:11:29 +0000 UTC,2023-02-19 02:20:09 +0000 UTC,-5.784313,-35.200066,2023-02-19 02:30:58 +0000 UTC,-5.8422384,-35.205692,4.90,24.91,BRL
Natal,UberX,CANCELED,2023-02-19 02:06:13 +0000 UTC,1970-01-01 00:00:00 +0000 UTC,-5.77181,-35.19543,1970-01-01 00:00:00 +0000 UTC,-5.78174,-35.20108,0.00,0,BRL
Natal,UberX,COMPLETED,2023-02-18 15:00:53 +0000 UTC,2023-02-18 15:08:06 +0000 UTC,-5.8495035,-35.205902,2023-02-18 15:11:57 +0000 UTC,-5.8422227,-35.2057,0.68,7.96,BRL
Natal,UberX,COMPLETED,2023-02-11 00:48:57 +0000 UTC,2023-02-11 00:53:09 +0000 UTC,-5.891581,-35.206284,2023-02-11 00:58:44 +0000 UTC,-5.883161,-35.20292,1.64,8.98,BRL
Natal,Moto,COMPLETED,2023-02-05 22:32:41 +0000 UTC,2023-02-05 22:36:18 +0000 UTC,-5.8122234,-35.20605,2023-02-05 22:46:53 +0000 UTC,-5.842184,-35.20563,4.15,7.97,BRL
Natal,UberX,COMPLETED,2023-02-05 02:59:23 +0000 UTC,2023-02-05 03:08:19 +0000 UTC,-5.82461,-35.21462,2023-02-05 03:13:37 +0000 UTC,-5.84219,-35.20573,1.96,6.32,BRL
Natal,UberX,COMPLETED,2023-01-28 15:40:15 +0000 UTC,2023-01-28 15:42:40 +0000 UTC,-5.842188,-35.205673,2023-01-28 15:48:54 +0000 UTC,-5.8181543,-35.218124,2.49,10.36,BRL
Natal,UberX,COMPLETED,2023-01-14 01:22:58 +0000 UTC,2023-01-14 01:26:31 +0000 UTC,-5.7787,-35.20068,2023-01-14 01:44:28 +0000 UTC,-5.84218,-35.20572,5.60,12.98,BRL
Natal,UberX,COMPLETED,2023-01-07 04:02:03 +0000 UTC,2023-01-07 04:06:38 +0000 UTC,-5.85485,-35.20025,2023-01-07 04:11:34 +0000 UTC,-5.84222,-35.20568,1.25,8.97,BRL
Natal,UberX,COMPLETED,2023-01-07 03:22:22 +0000 UTC,2023-01-07 03:24:34 +0000 UTC,-5.829017,-35.182964,2023-01-07 03:34:27 +0000 UTC,-5.855037,-35.19991,4.77,22.95,BRL
Natal,UberX,COMPLETED,2023-01-05 22:43:08 +0000 UTC,2023-01-05 22:45:37 +0000 UTC,-5.8422103,-35.20568,2023-01-05 22:50:46 +0000 UTC,-5.8195205,-35.21212,2.30,10.94,BRL
Natal,UberX,COMPLETED,2023-01-05 14:23:10 +0000 UTC,2023-01-05 14:26:17 +0000 UTC,-5.82008,-35.234722,2023-01-05 14:41:47 +0000 UTC,-5.8422184,-35.205666,3.67,16.97,BRL
Natal,UberX,COMPLETED,2022-12-11 19:44:52 +0000 UTC,2022-12-11 19:50:29 +0000 UTC,-5.820014,-35.234886,2022-12-11 20:02:05 +0000 UTC,-5.8422256,-35.205658,3.43,14.96,BRL
Natal,UberX,COMPLETED,2022-11-30 15:19:41 +0000 UTC,2022-11-30 15:22:12 +0000 UTC,-5.7968054,-35.208958,2022-11-30 15:36:55 +0000 UTC,-5.8422723,-35.20575,4.25,17.94,BRL
Natal,UberX,COMPLETED,2022-11-30 13:33:46 +0000 UTC,2022-11-30 13:37:20 +0000 UTC,-5.8422394,-35.205677,2022-11-30 13:50:39 +0000 UTC,-5.796792,-35.20896,4.07,12.91,BRL
Natal,UberX,COMPLETED,2022-11-26 00:16:43 +0000 UTC,2022-11-26 00:20:32 +0000 UTC,-5.8202300000000005,-35.22916,2022-11-26 00:30:32 +0000 UTC,-5.84218,-35.2057,3.03,12.99,BRL
Natal,UberX,COMPLETED,2022-11-13 18:31:29 +0000 UTC,2022-11-13 18:35:47 +0000 UTC,-5.879807,-35.17293,2022-11-13 18:54:12 +0000 UTC,-5.842228,-35.205624,3.95,19.95,BRL
Natal,UberX,COMPLETED,2022-11-13 01:28:01 +0000 UTC,2022-11-13 01:29:01 +0000 UTC,-5.874989,-35.180016,2022-11-13 01:42:51 +0000 UTC,-5.8421959999999995,-35.205658,3.35,14.98,BRL
Natal,UberX,COMPLETED,2022-10-09 04:42:18 +0000 UTC,2022-10-09 04:44:57 +0000 UTC,-5.8776600000000006,-35.176037,2022-10-09 04:51:48 +0000 UTC,-5.84223,-35.205696,3.91,14.9,BRL
Natal,UberX,COMPLETED,2022-09-28 11:10:01 +0000 UTC,2022-09-28 11:13:52 +0000 UTC,-5.8421520000000005,-35.205696,2022-09-28 11:34:51 +0000 UTC,-5.819987,-35.234924,3.55,14.9,BRL
Natal,UberX,CANCELED,2022-09-25 04:20:17 +0000 UTC,1970-01-01 00:00:00 +0000 UTC,-5.827483,-35.21386,1970-01-01 00:00:00 +0000 UTC,-5.82752776145935,-35.21388638019562,0.00,0,BRL
Natal,UberX,CANCELED,2022-09-25 04:15:14 +0000 UTC,1970-01-01 00:00:00 +0000 UTC,-5.827104,-35.210957,1970-01-01 00:00:00 +0000 UTC,-5.82710635662079,-35.21095168590546,0.00,0,BRL
Natal,UberX,CANCELED,2022-09-25 04:13:39 +0000 UTC,1970-01-01 00:00:00 +0000 UTC,,,1970-01-01 00:00:00 +0000 UTC,,,0.00,0,BRL
Natal,UberX,COMPLETED,2022-09-17 14:25:54 +0000 UTC,2022-09-17 14:28:07 +0000 UTC,-5.8422384,-35.205685,2022-09-17 14:40:47 +0000 UTC,-5.8028693,-35.210682,3.98,12.95,BRL
Natal,UberX,COMPLETED,2022-09-10 03:23:17 +0000 UTC,2022-09-10 03:26:32 +0000 UTC,-5.8712409999999995,-35.181423,2022-09-10 03:36:12 +0000 UTC,-5.842201,-35.20569,3.06,13.99,BRL
Natal,UberX,COMPLETED,2022-08-28 23:14:22 +0000 UTC,2022-08-28 23:18:59 +0000 UTC,-5.778811,-35.200687,2022-08-28 23:35:01 +0000 UTC,-5.842312,-35.20585,5.45,19.9,BRL
Natal,UberX,COMPLETED,2022-08-26 17:06:29 +0000 UTC,2022-08-26 17:09:17 +0000 UTC,-5.8386893,-35.220055,2022-08-26 17:16:22 +0000 UTC,-5.842227,-35.20571,1.99,9.96,BRL
Natal,UberX,COMPLETED,2022-08-24 00:46:18 +0000 UTC,2022-08-24 00:52:00 +0000 UTC,-5.820335,-35.211216,2022-08-24 00:58:04 +0000 UTC,-5.842217,-35.205673,2.20,10.94,BRL
Natal,Moto,CANCELED,2022-08-24 00:45:15 +0000 UTC,1970-01-01 00:00:00 +0000 UTC,,,1970-01-01 00:00:00 +0000 UTC,,,0.00,0,BRL
Natal,UberX,CANCELED,2022-08-24 00:44:19 +0000 UTC,1970-01-01 00:00:00 +0000 UTC,,,1970-01-01 00:00:00 +0000 UTC,,,0.00,0,BRL
Natal,UberX,CANCELED,2022-08-24 00:43:20 +0000 UTC,1970-01-01 00:00:00 +0000 UTC,-5.8169255,-35.218502,1970-01-01 00:00:00 +0000 UTC,-5.8169255,-35.218502,0.00,0,BRL
Natal,,UNFULFILLED,2022-08-24 00:40:01 +0000 UTC,1970-01-01 00:00:00 +0000 UTC,,,1970-01-01 00:00:00 +0000 UTC,,,0.00,0,BRL
Natal,UberX,COMPLETED,2022-08-23 22:58:25 +0000 UTC,2022-08-23 23:01:21 +0000 UTC,-5.842217,-35.20564,2022-08-23 23:06:47 +0000 UTC,-5.820384,-35.21099,2.07,9.91,BRL
Natal,UberX,CANCELED,2022-08-23 22:54:24 +0000 UTC,1970-01-01 00:00:00 +0000 UTC,-5.84498,-35.20798,1970-01-01 00:00:00 +0000 UTC,-5.8444203138351405,-35.20828330516815,0.00,0,BRL
Natal,UberX,COMPLETED,2022-08-20 17:29:32 +0000 UTC,2022-08-20 17:36:05 +0000 UTC,-5.784903,-35.206757,2022-08-20 17:55:59 +0000 UTC,-5.8451223,-35.24267,7.27,19.97,BRL
Natal,UberX,COMPLETED,2022-08-07 04:07:02 +0000 UTC,2022-08-07 04:13:34 +0000 UTC,-5.8358397,-35.219135,2022-08-07 04:18:35 +0000 UTC,-5.842211,-35.205677,1.72,9.92,BRL
Natal,UberX,COMPLETED,2022-08-06 21:54:36 +0000 UTC,2022-08-06 21:58:42 +0000 UTC,-5.84223,-35.20572,2022-08-06 22:05:45 +0000 UTC,-5.838837,-35.219624,1.67,11.93,BRL
Natal,UberX,COMPLETED,2022-08-05 04:20:10 +0000 UTC,2022-08-05 04:26:30 +0000 UTC,-5.7941666,-35.198387,2022-08-05 04:35:22 +0000 UTC,-5.8422327,-35.20568,4.03,14.94,BRL
Natal,UberX,CANCELED,2022-07-31 15:48:13 +0000 UTC,1970-01-01 00:00:00 +0000 UTC,-5.8270383,-35.21096,1970-01-01 00:00:00 +0000 UTC,-5.833540558815,-35.21331393718719,0.00,0,BRL
Natal,UberX,COMPLETED,2022-07-30 18:55:57 +0000 UTC,2022-07-30 18:57:38 +0000 UTC,-5.819276,-35.21232,2022-07-30 19:11:52 +0000 UTC,-5.787025,-35.208176,2.90,11.92,BRL
Natal,Moto,COMPLETED,2022-07-26 10:30:14 +0000 UTC,2022-07-26 10:38:39 +0000 UTC,-5.842225,-35.205654,2022-07-26 10:57:32 +0000 UTC,-5.7876935,-35.204937,4.77,12.56,BRL
Natal,UberX,COMPLETED,2022-07-23 18:04:29 +0000 UTC,2022-07-23 18:13:55 +0000 UTC,-5.8803663,-35.172398,2022-07-23 18:28:48 +0000 UTC,-5.842205,-35.20565,4.00,14.97,BRL
Natal,UberX,COMPLETED,2022-07-23 14:37:31 +0000 UTC,2022-07-23 14:40:34 +0000 UTC,-5.84216,-35.20556,2022-07-23 14:54:51 +0000 UTC,-5.88225,-35.17043,4.77,14.99,BRL
Natal,UberX,COMPLETED,2022-07-17 19:52:57 +0000 UTC,2022-07-17 19:58:15 +0000 UTC,-5.820054,-35.234753,2022-07-17 20:10:03 +0000 UTC,-5.8423185,-35.20575,3.73,16.91,BRL
Natal,UberX,COMPLETED,2022-07-05 14:14:32 +0000 UTC,2022-07-05 14:17:23 +0000 UTC,-5.842194,-35.205635,2022-07-05 14:31:38 +0000 UTC,-5.8200383,-35.23474,3.58,14.99,BRL
Natal,UberX,COMPLETED,2022-06-26 00:02:15 +0000 UTC,2022-06-26 00:04:52 +0000 UTC,-5.8735743,-35.179707,2022-06-26 00:17:42 +0000 UTC,-5.842159,-35.20563,3.92,13.99,BRL
Natal,UberX,COMPLETED,2022-06-25 17:56:53 +0000 UTC,2022-06-25 18:01:34 +0000 UTC,-5.869294,-35.20926,2022-06-25 18:12:08 +0000 UTC,-5.868925,-35.182323,2.99,7.46,BRL
Natal,UberX,COMPLETED,2022-06-25 16:40:21 +0000 UTC,2022-06-25 16:42:05 +0000 UTC,-5.8422465,-35.205673,2022-06-25 16:51:31 +0000 UTC,-5.8694315,-35.209003,3.64,10.93,BRL
Natal,UberX,COMPLETED,2022-06-19 02:16:43 +0000 UTC,2022-06-19 02:20:54 +0000 UTC,-5.84393,-35.21845,2022-06-19 02:28:38 +0000 UTC,-5.8422227,-35.205673,2.25,10.96,BRL
Natal,UberX,COMPLETED,2022-06-18 19:09:43 +0000 UTC,2022-06-18 19:11:40 +0000 UTC,-5.817892,-35.21794,2022-06-18 19:22:06 +0000 UTC,-5.785982,-35.206802,2.59,12.95,BRL
Natal,UberX,COMPLETED,2022-06-18 00:18:28 +0000 UTC,2022-06-18 00:19:48 +0000 UTC,-5.877149,-35.17821,2022-06-18 00:29:53 +0000 UTC,-5.842255,-35.205685,3.54,12.91,BRL
Natal,UberX,COMPLETED,2022-06-17 22:36:44 +0000 UTC,2022-06-17 22:40:40 +0000 UTC,-5.8422713,-35.20566,2022-06-17 22:53:58 +0000 UTC,-5.87795,-35.17764,4.16,12.99,BRL
Natal,Moto,COMPLETED,2022-06-15 10:46:07 +0000 UTC,2022-06-15 10:54:32 +0000 UTC,-5.8422494,-35.205723,2022-06-15 11:10:35 +0000 UTC,-5.7876525,-35.20493,4.83,12.28,BRL
Natal,Moto,CANCELED,2022-06-15 10:43:56 +0000 UTC,1970-01-01 00:00:00 +0000 UTC,-5.7956653,-35.216625,1970-01-01 00:00:00 +0000 UTC,-5.79564094543457,-35.21660804748535,0.00,0,BRL
Natal,UberX,COMPLETED,2022-06-12 21:41:11 +0000 UTC,2022-06-12 21:49:11 +0000 UTC,-5.8200374,-35.23486,2022-06-12 22:00:32 +0000 UTC,-5.842242,-35.205666,3.29,14.9,BRL
Natal,UberX,COMPLETED,2022-06-11 18:39:08 +0000 UTC,2022-06-11 18:45:07 +0000 UTC,-5.820327,-35.229027,2022-06-11 19:01:37 +0000 UTC,-5.868918,-35.182358,5.31,16.98,BRL
Natal,Moto,CANCELED,2022-06-11 18:37:42 +0000 UTC,1970-01-01 00:00:00 +0000 UTC,-5.8172593,-35.23289,1970-01-01 00:00:00 +0000 UTC,-5.81725537776947,-35.23289120197296,0.00,0,BRL
Natal,Moto,COMPLETED,2022-06-10 19:54:55 +0000 UTC,2022-06-10 20:02:06 +0000 UTC,-5.7876034,-35.204975,2022-06-10 20:09:47 +0000 UTC,-5.8045683,-35.214207,1.55,5.06,BRL
Natal,UberX,CANCELED,2022-06-10 19:53:03 +0000 UTC,1970-01-01 00:00:00 +0000 UTC,-5.7914085,-35.206276,1970-01-01 00:00:00 +0000 UTC,-5.79099631309509,-35.20612943172455,0.00,0,BRL
Natal,UberX,CANCELED,2022-06-10 19:51:31 +0000 UTC,1970-01-01 00:00:00 +0000 UTC,,,1970-01-01 00:00:00 +0000 UTC,,,0.00,0,BRL
Natal,UberX,CANCELED,2022-06-10 19:50:20 +0000 UTC,1970-01-01 00:00:00 +0000 UTC,-5.796594,-35.217087,1970-01-01 00:00:00 +0000 UTC,-5.796594,-35.217087,0.00,0,BRL
Natal,UberX,COMPLETED,2022-06-03 23:20:18 +0000 UTC,2022-06-03 23:23:41 +0000 UTC,-5.8422213,-35.205627,2022-06-03 23:33:33 +0000 UTC,-5.868956,-35.182274,3.05,12.94,BRL
Natal,UberX,COMPLETED,2022-05-29 14:53:37 +0000 UTC,2022-05-29 14:57:31 +0000 UTC,-5.84225,-35.205692,2022-05-29 15:06:31 +0000 UTC,-5.869365,-35.209282,3.69,11.98,BRL
Natal,UberX,COMPLETED,2022-05-27 22:54:39 +0000 UTC,2022-05-27 22:59:20 +0000 UTC,-5.8122,-35.206158,2022-05-27 23:09:18 +0000 UTC,-5.8422149999999995,-35.205658,3.32,12.98,BRL
Natal,UberX,COMPLETED,2022-05-22 01:21:46 +0000 UTC,2022-05-22 01:28:12 +0000 UTC,-5.7849064,-35.206722,2022-05-22 01:56:44 +0000 UTC,-5.842221,-35.205673,10.96,39.93,BRL
Natal,UberX,CANCELED,2022-05-22 01:07:01 +0000 UTC,1970-01-01 00:00:00 +0000 UTC,-5.773897,-35.19462,1970-01-01 00:00:00 +0000 UTC,-5.77023160457611,-35.19628524780273,0.00,0,BRL
Natal,UberX,COMPLETED,2022-05-21 17:33:15 +0000 UTC,2022-05-21 17:35:47 +0000 UTC,-5.8422465,-35.205666,2022-05-21 17:48:42 +0000 UTC,-5.7879777,-35.207626,4.76,16.94,BRL
Natal,UberX,COMPLETED,2022-05-15 22:26:56 +0000 UTC,2022-05-15 22:30:17 +0000 UTC,-5.81278,-35.20531,2022-05-15 22:36:52 +0000 UTC,-5.8422,-35.2058,2.69,14.98,BRL
Natal,UberX,COMPLETED,2022-05-14 10:31:36 +0000 UTC,2022-05-14 10:35:22 +0000 UTC,-5.8421865,-35.205616,2022-05-14 10:47:27 +0000 UTC,-5.802821,-35.210728,3.98,9.98,BRL
Natal,UberX,COMPLETED,2022-05-08 04:25:34 +0000 UTC,2022-05-08 04:34:05 +0000 UTC,-5.8586683,-35.23798,2022-05-08 04:45:40 +0000 UTC,-5.8422,-35.205685,4.26,17.92,BRL
Natal,UberX,CANCELED,2022-05-07 21:38:42 +0000 UTC,1970-01-01 00:00:00 +0000 UTC,-5.8441644,-35.209133,1970-01-01 00:00:00 +0000 UTC,-5.84739398956299,-35.20756089687347,0.00,0,BRL
Natal,UberX,COMPLETED,2022-05-01 17:03:42 +0000 UTC,2022-05-01 17:06:53 +0000 UTC,-5.838688,-35.220043,2022-05-01 17:11:54 +0000 UTC,-5.842268,-35.20568,1.92,10.99,BRL
Natal,UberX,COMPLETED,2022-05-01 15:36:56 +0000 UTC,2022-05-01 15:42:00 +0000 UTC,-5.8422236,-35.20566,2022-05-01 15:49:24 +0000 UTC,-5.838118,-35.219315,1.51,9.99,BRL
Natal,UberX,COMPLETED,2022-04-30 21:39:25 +0000 UTC,2022-04-30 21:47:01 +0000 UTC,-5.812291,-35.20619,2022-04-30 21:59:29 +0000 UTC,-5.8422556,-35.205647,3.32,19.9,BRL
Natal,UberX,CANCELED,2022-04-30 21:38:01 +0000 UTC,1970-01-01 00:00:00 +0000 UTC,,,1970-01-01 00:00:00 +0000 UTC,,,0.00,0,BRL
Natal,UberX,COMPLETED,2022-04-29 13:19:45 +0000 UTC,2022-04-29 13:22:31 +0000 UTC,-5.7905436,-35.198807,2022-04-29 13:36:23 +0000 UTC,-5.8423786,-35.20592,4.40,14.96,BRL
Natal,UberX,COMPLETED,2022-04-22 00:52:04 +0000 UTC,2022-04-22 01:00:52 +0000 UTC,-5.836025,-35.21925,2022-04-22 01:20:39 +0000 UTC,-5.8586283,-35.237965,6.32,19.95,BRL
Natal,UberX,CANCELED,2022-04-22 00:49:37 +0000 UTC,1970-01-01 00:00:00 +0000 UTC,-5.8490562,-35.20358,1970-01-01 00:00:00 +0000 UTC,-5.8507159948349,-35.20511341094971,0.00,0,BRL
Natal,UberX,CANCELED,2022-04-22 00:48:23 +0000 UTC,1970-01-01 00:00:00 +0000 UTC,-5.8185043,-35.214428,1970-01-01 00:00:00 +0000 UTC,-5.81870996952057,-35.21389067173004,0.00,0,BRL
Natal,UberX,COMPLETED,2022-04-14 10:48:24 +0000 UTC,2022-04-14 10:50:15 +0000 UTC,-5.790541,-35.198784,2022-04-14 11:05:45 +0000 UTC,-5.842129,-35.205647,4.37,13.98,BRL
Natal,UberX,COMPLETED,2022-04-14 10:30:43 +0000 UTC,2022-04-14 10:35:33 +0000 UTC,-5.842246,-35.20549,2022-04-14 10:46:52 +0000 UTC,-5.7904325,-35.19896,4.32,14.98,BRL
Natal,UberX,COMPLETED,2022-04-12 18:41:35 +0000 UTC,2022-04-12 18:51:14 +0000 UTC,-5.790541,-35.19884,2022-04-12 19:09:51 +0000 UTC,-5.8422556,-35.20568,4.38,16.98,BRL
Natal,UberX,COMPLETED,2022-04-09 22:49:48 +0000 UTC,2022-04-09 22:51:56 +0000 UTC,-5.842209,-35.20571,2022-04-09 22:58:41 +0000 UTC,-5.8387923,-35.219585,1.56,9.93,BRL
Natal,UberX,COMPLETED,2022-04-09 20:25:31 +0000 UTC,2022-04-09 20:31:05 +0000 UTC,-5.7680087,-35.26443,2022-04-09 20:59:36 +0000 UTC,-5.8422327,-35.20565,8.60,19.98,BRL
Natal,UberX,CANCELED,2022-04-09 20:24:35 +0000 UTC,1970-01-01 00:00:00 +0000 UTC,-5.771417,-35.263233,1970-01-01 00:00:00 +0000 UTC,-5.77161931991577,-35.26323401927948,0.00,0,BRL
Natal,UberX,COMPLETED,2022-04-03 14:33:49 +0000 UTC,2022-04-03 14:38:38 +0000 UTC,-5.842222,-35.205685,2022-04-03 14:54:45 +0000 UTC,-5.845123,-35.242676,5.96,14.91,BRL
Natal,UberX,COMPLETED,2022-04-02 17:06:05 +0000 UTC,2022-04-02 17:10:13 +0000 UTC,-5.842216,-35.205715,2022-04-02 17:23:05 +0000 UTC,-5.845147,-35.242603,4.68,14.96,BRL
Natal,UberX,COMPLETED,2022-04-02 11:43:53 +0000 UTC,2022-04-02 11:47:12 +0000 UTC,-5.8028855,-35.210743,2022-04-02 11:58:32 +0000 UTC,-5.8422027,-35.20565,3.69,11.97,BRL
Natal,UberX,COMPLETED,2022-03-26 18:15:06 +0000 UTC,2022-03-26 18:18:36 +0000 UTC,-5.7994304,-35.20892,2022-03-26 18:22:31 +0000 UTC,-5.8026953,-35.210613,0.63,8.45,BRL
Natal,UberX,COMPLETED,2022-03-26 15:50:35 +0000 UTC,2022-03-26 15:54:46 +0000 UTC,-5.8422055,-35.205696,2022-03-26 16:07:05 +0000 UTC,-5.7994027,-35.20874,3.84,12.93,BRL
Natal,UberX,COMPLETED,2022-03-24 11:11:07 +0000 UTC,2022-03-24 11:15:58 +0000 UTC,-5.8421793,-35.20572,2022-03-24 11:38:09 +0000 UTC,-5.787653,-35.204967,4.77,11.94,BRL
Natal,UberX,COMPLETED,2022-03-19 18:19:12 +0000 UTC,2022-03-19 18:21:56 +0000 UTC,-5.844406,-35.21064,2022-03-19 18:27:43 +0000 UTC,-5.8422203,-35.205673,1.61,9.99,BRL
Natal,UberX,COMPLETED,2022-03-19 17:18:51 +0000 UTC,2022-03-19 17:22:08 +0000 UTC,-5.8202205,-35.22919,2022-03-19 17:30:36 +0000 UTC,-5.844486,-35.210583,2.88,11.93,BRL
Natal,UberX,COMPLETED,2022-03-19 15:31:03 +0000 UTC,2022-03-19 15:35:13 +0000 UTC,-5.842211,-35.20571,2022-03-19 15:43:15 +0000 UTC,-5.820214,-35.229294,3.00,9.95,BRL
Natal,UberX,CANCELED,2022-03-19 15:28:11 +0000 UTC,1970-01-01 00:00:00 +0000 UTC,,,1970-01-01 00:00:00 +0000 UTC,,,0.00,0,BRL
Natal,UberX,COMPLETED,2022-03-12 20:10:29 +0000 UTC,2022-03-12 20:12:41 +0000 UTC,-5.842206,-35.205624,2022-03-12 20:29:11 +0000 UTC,-5.7787085,-35.20076,5.17,12.94,BRL
Natal,UberX,COMPLETED,2022-03-12 04:34:48 +0000 UTC,2022-03-12 04:38:41 +0000 UTC,-5.8609466999999995,-35.22085,2022-03-12 04:46:06 +0000 UTC,-5.8421764,-35.205635,2.99,12.9,BRL
Natal,UberX,COMPLETED,2022-03-12 00:01:17 +0000 UTC,2022-03-12 00:06:27 +0000 UTC,-5.8421893,-35.20563,2022-03-12 00:13:41 +0000 UTC,-5.86093,-35.220882,3.22,13.99,BRL
Natal,UberX,COMPLETED,2022-03-06 04:11:21 +0000 UTC,2022-03-06 04:18:22 +0000 UTC,-5.7787757,-35.20052,2022-03-06 04:36:45 +0000 UTC,-5.8422165,-35.205605,6.15,29.96,BRL
Natal,UberX,COMPLETED,2022-03-04 19:14:48 +0000 UTC,2022-03-04 19:22:08 +0000 UTC,-5.8443756,-35.21051,2022-03-04 19:29:30 +0000 UTC,-5.8421893,-35.20566,1.72,8.69,BRL
Natal,UberX,COMPLETED,2022-02-25 16:07:04 +0000 UTC,2022-02-25 16:11:50 +0000 UTC,-5.84218,-35.20573,2022-02-25 16:27:54 +0000 UTC,-5.82008,-35.23471,3.65,12.6,BRL
Natal,UberX,COMPLETED,2022-02-24 02:57:18 +0000 UTC,2022-02-24 03:00:26 +0000 UTC,-5.8202214,-35.229332,2022-02-24 03:08:22 +0000 UTC,-5.8421836,-35.205627,3.02,13.59,BRL
Natal,UberX,COMPLETED,2022-02-17 23:03:39 +0000 UTC,2022-02-17 23:08:44 +0000 UTC,-5.78767,-35.20489,2022-02-17 23:22:27 +0000 UTC,-5.8422149999999995,-35.205704,4.80,13.58,BRL
Natal,UberX,COMPLETED,2022-02-14 19:46:46 +0000 UTC,2022-02-14 19:50:31 +0000 UTC,-5.820108,-35.234833,2022-02-14 20:05:03 +0000 UTC,-5.842208,-35.20566,4.26,12.09,BRL
Natal,UberX,COMPLETED,2022-02-12 08:22:25 +0000 UTC,2022-02-12 08:30:55 +0000 UTC,-5.842221,-35.20566,2022-02-12 08:41:10 +0000 UTC,-5.820226,-35.2344,3.52,19.96,BRL
Natal,Flash,COMPLETED,2022-02-07 17:09:01 +0000 UTC,2022-02-07 17:15:37 +0000 UTC,-5.842203,-35.20567,2022-02-07 17:45:25 +0000 UTC,-5.768042,-35.264427,8.15,21.96,BRL
Natal,Flash,CANCELED,2022-02-07 17:06:58 +0000 UTC,1970-01-01 00:00:00 +0000 UTC,,,1970-01-01 00:00:00 +0000 UTC,,,0.00,0,BRL
Natal,UberX,COMPLETED,2022-02-06 22:01:48 +0000 UTC,2022-02-06 22:07:19 +0000 UTC,-5.820006,-35.234837,2022-02-06 22:19:52 +0000 UTC,-5.8421497,-35.205673,3.67,22.93,BRL
Natal,UberX,COMPLETED,2022-02-05 18:21:54 +0000 UTC,2022-02-05 18:23:19 +0000 UTC,-5.8445034,-35.210552,2022-02-05 18:29:44 +0000 UTC,-5.8422165,-35.205616,1.95,9.93,BRL
Natal,UberX,CANCELED,2022-02-05 18:19:22 +0000 UTC,1970-01-01 00:00:00 +0000 UTC,-5.8453684,-35.210667,1970-01-01 00:00:00 +0000 UTC,-5.8453684,-35.210667,0.00,0,BRL
Natal,UberX,COMPLETED,2022-02-05 17:10:05 +0000 UTC,2022-02-05 17:14:17 +0000 UTC,-5.818217,-35.2181,2022-02-05 17:21:45 +0000 UTC,-5.844449,-35.210506,2.62,11.9,BRL
Natal,UberX,COMPLETED,2022-02-04 18:06:26 +0000 UTC,2022-02-04 18:08:57 +0000 UTC,-5.8421664,-35.20567,2022-02-04 18:29:17 +0000 UTC,-5.78755,-35.204903,4.83,13.93,BRL
Natal,UberX,COMPLETED,2022-01-30 15:51:22 +0000 UTC,2022-01-30 16:05:36 +0000 UTC,-5.8421903,-35.205635,2022-01-30 16:13:53 +0000 UTC,-5.8715405,-35.182137,3.63,11.9,BRL
Natal,UberX,COMPLETED,2022-01-28 15:55:35 +0000 UTC,2022-01-28 15:58:59 +0000 UTC,-5.8244443,-35.243423,2022-01-28 16:13:33 +0000 UTC,-5.842149,-35.205738,4.54,17.99,BRL
Natal,UberX,COMPLETED,2022-01-28 14:03:59 +0000 UTC,2022-01-28 14:06:11 +0000 UTC,-5.842129,-35.20568,2022-01-28 14:20:56 +0000 UTC,-5.825645,-35.241547,4.24,17.84,BRL
Natal,UberX,CANCELED,2022-01-23 20:10:46 +0000 UTC,1970-01-01 00:00:00 +0000 UTC,,,1970-01-01 00:00:00 +0000 UTC,,,0.00,0,BRL
Natal,UberX,COMPLETED,2022-01-22 23:34:17 +0000 UTC,2022-01-22 23:35:10 +0000 UTC,-5.892968,-35.192604,2022-01-22 23:46:35 +0000 UTC,-5.869096,-35.18222,3.49,13.48,BRL
Natal,UberX,COMPLETED,2022-01-14 13:22:48 +0000 UTC,2022-01-14 13:24:56 +0000 UTC,-5.8444734,-35.210518,2022-01-14 13:36:31 +0000 UTC,-5.8422084,-35.2056,1.96,9.98,BRL
Natal,UberX,COMPLETED,2022-01-05 14:42:55 +0000 UTC,2022-01-05 14:44:25 +0000 UTC,-5.8199368,-35.234802,2022-01-05 14:57:15 +0000 UTC,-5.8421965,-35.20566,3.63,11.92,BRL
Natal,UberX,COMPLETED,2021-12-20 11:07:55 +0000 UTC,2021-12-20 11:14:39 +0000 UTC,-5.842213,-35.205666,2021-12-20 11:31:37 +0000 UTC,-5.8199754,-35.234917,3.55,17.99,BRL
Natal,UberX,COMPLETED,2021-12-18 23:32:36 +0000 UTC,2021-12-18 23:39:48 +0000 UTC,-5.784815,-35.20685,2021-12-18 23:54:16 +0000 UTC,-5.842201,-35.205692,5.11,17.93,BRL
Natal,UberX,COMPLETED,2021-12-18 15:40:19 +0000 UTC,2021-12-18 15:45:08 +0000 UTC,-5.8422,-35.20568,2021-12-18 15:50:56 +0000 UTC,-5.81928,-35.21228,2.23,9.98,BRL
Natal,UberX,COMPLETED,2021-12-17 23:48:12 +0000 UTC,2021-12-17 23:54:40 +0000 UTC,-5.8421645,-35.20567,2021-12-18 00:04:28 +0000 UTC,-5.817965,-35.22479,2.79,12.98,BRL
Natal,UberX,COMPLETED,2021-12-12 21:08:30 +0000 UTC,2021-12-12 21:12:55 +0000 UTC,-5.8422246,-35.20564,2021-12-12 21:26:49 +0000 UTC,-5.858703,-35.23793,5.32,13.98,BRL
Natal,UberX,COMPLETED,2021-12-12 06:25:27 +0000 UTC,2021-12-12 06:31:15 +0000 UTC,-5.869712,-35.18103,2021-12-12 06:37:54 +0000 UTC,-5.8422437,-35.20567,2.97,14.99,BRL
Natal,UberX,COMPLETED,2021-12-04 16:54:31 +0000 UTC,2021-12-04 16:56:21 +0000 UTC,-5.8120575,-35.2064,2021-12-04 17:08:05 +0000 UTC,-5.85391,-35.20222,3.89,12.93,BRL
Natal,UberX,COMPLETED,2021-11-26 18:03:09 +0000 UTC,2021-11-26 18:09:45 +0000 UTC,-5.844533,-35.210506,2021-11-26 18:17:02 +0000 UTC,-5.8421893,-35.20567,1.94,8.99,BRL
Natal,UberX,COMPLETED,2021-11-26 16:51:26 +0000 UTC,2021-11-26 16:59:14 +0000 UTC,-5.8422065,-35.20566,2021-11-26 17:04:40 +0000 UTC,-5.8450513,-35.210236,1.64,8.95,BRL
Natal,UberX,COMPLETED,2021-11-14 17:35:08 +0000 UTC,2021-11-14 17:38:43 +0000 UTC,-5.844519,-35.2105,2021-11-14 17:45:05 +0000 UTC,-5.8422494,-35.20567,1.75,8.91,BRL
Natal,UberX,COMPLETED,2021-11-14 12:29:53 +0000 UTC,2021-11-14 12:34:07 +0000 UTC,-5.8422719999999995,-35.205658,2021-11-14 12:46:49 +0000 UTC,-5.8821829999999995,-35.17048,4.22,11.99,BRL
Natal,UberX,COMPLETED,2021-11-14 02:42:11 +0000 UTC,2021-11-14 02:46:16 +0000 UTC,-5.8928840000000005,-35.19294,2021-11-14 03:01:25 +0000 UTC,-5.8422374999999995,-35.205685,5.17,14.9,BRL
Natal,UberX,COMPLETED,2021-11-13 18:21:26 +0000 UTC,2021-11-13 18:24:43 +0000 UTC,-5.838615,-35.219997,2021-11-13 18:29:57 +0000 UTC,-5.8422127,-35.205666,1.91,11.99,BRL
Natal,UberX,COMPLETED,2021-11-12 22:50:55 +0000 UTC,2021-11-12 22:53:47 +0000 UTC,-5.8421907,-35.205658,2021-11-12 22:58:38 +0000 UTC,-5.8354034,-35.209694,1.33,7.37,BRL
Natal,UberX,COMPLETED,2021-11-06 13:53:26 +0000 UTC,2021-11-06 13:58:28 +0000 UTC,-5.8444157,-35.21055,2021-11-06 14:07:53 +0000 UTC,-5.842219,-35.205658,1.79,8.9,BRL
Natal,UberX,COMPLETED,2021-11-06 12:23:15 +0000 UTC,2021-11-06 12:32:21 +0000 UTC,-5.8421893,-35.20565,2021-11-06 12:37:43 +0000 UTC,-5.844427,-35.21052,1.69,8.91,BRL
Natal,UberX,COMPLETED,2021-11-02 15:22:33 +0000 UTC,2021-11-02 15:27:07 +0000 UTC,-5.767998,-35.264397,2021-11-02 15:55:51 +0000 UTC,-5.8422394,-35.205685,8.65,21.95,BRL
Natal,UberX,COMPLETED,2021-10-26 11:17:31 +0000 UTC,2021-10-26 11:20:18 +0000 UTC,-5.84222,-35.205685,2021-10-26 11:42:53 +0000 UTC,-5.820054,-35.23481,3.72,11.98,BRL
Natal,UberX,COMPLETED,2021-10-23 20:53:00 +0000 UTC,2021-10-23 20:58:57 +0000 UTC,-5.8444624,-35.21057,2021-10-23 21:04:44 +0000 UTC,-5.8422227,-35.20565,1.60,9.99,BRL
Natal,UberX,COMPLETED,2021-10-23 20:19:34 +0000 UTC,2021-10-23 20:22:30 +0000 UTC,-5.842232,-35.205677,2021-10-23 20:28:18 +0000 UTC,-5.8444495,-35.210514,1.72,6.71,BRL
Natal,UberX,COMPLETED,2021-10-22 23:26:36 +0000 UTC,2021-10-22 23:34:02 +0000 UTC,-5.768007,-35.264442,2021-10-23 00:00:18 +0000 UTC,-5.8422084,-35.20565,8.41,19.95,BRL
Natal,UberX,COMPLETED,2021-10-21 20:11:14 +0000 UTC,2021-10-21 20:20:34 +0000 UTC,-5.88614,-35.180767,2021-10-21 20:40:42 +0000 UTC,-5.8422484,-35.20567,4.53,15.94,BRL
Natal,UberX,COMPLETED,2021-10-21 19:16:04 +0000 UTC,2021-10-21 19:18:44 +0000 UTC,-5.8422003,-35.205612,2021-10-21 19:35:40 +0000 UTC,-5.8861485,-35.18081,4.93,14.98,BRL
Natal,UberX,COMPLETED,2021-10-20 12:33:01 +0000 UTC,2021-10-20 12:34:59 +0000 UTC,-5.79839,-35.199738,2021-10-20 12:52:05 +0000 UTC,-5.8422003,-35.205658,5.42,18.53,BRL
Natal,UberX,COMPLETED,2021-10-17 21:39:09 +0000 UTC,2021-10-17 21:43:27 +0000 UTC,-5.8194704,-35.21205,2021-10-17 21:49:28 +0000 UTC,-5.8422184,-35.205647,2.35,9.91,BRL
Natal,UberX,COMPLETED,2021-10-17 20:08:21 +0000 UTC,2021-10-17 20:15:04 +0000 UTC,-5.80832,-35.20514,2021-10-17 20:21:21 +0000 UTC,-5.81949,-35.21216,1.52,8.91,BRL
Natal,UberX,COMPLETED,2021-10-17 18:54:50 +0000 UTC,2021-10-17 19:02:42 +0000 UTC,-5.842203,-35.205658,2021-10-17 19:09:44 +0000 UTC,-5.8082347,-35.205273,3.08,12.9,BRL
Natal,UberX,COMPLETED,2021-10-17 01:06:20 +0000 UTC,2021-10-17 01:08:44 +0000 UTC,-5.845152,-35.242638,2021-10-17 01:25:46 +0000 UTC,-5.8422503,-35.205692,5.56,16.96,BRL
Natal,UberX,COMPLETED,2021-10-16 14:42:53 +0000 UTC,2021-10-16 14:47:38 +0000 UTC,-5.844498,-35.210533,2021-10-16 14:55:11 +0000 UTC,-5.8422055,-35.20563,1.75,7.53,BRL
Natal,UberX,COMPLETED,2021-10-10 00:06:19 +0000 UTC,2021-10-10 00:11:11 +0000 UTC,-5.842213,-35.205647,2021-10-10 00:23:16 +0000 UTC,-5.8752465,-35.17979,3.35,12.9,BRL
Natal,UberX,COMPLETED,2021-10-09 19:52:12 +0000 UTC,2021-10-09 20:00:25 +0000 UTC,-5.8123626999999995,-35.20654,2021-10-09 20:18:24 +0000 UTC,-5.8422318,-35.20566,4.47,18.2,BRL
Natal,UberX,COMPLETED,2021-10-09 16:17:56 +0000 UTC,2021-10-09 16:21:53 +0000 UTC,-5.8182597,-35.218117,2021-10-09 16:28:28 +0000 UTC,-5.799423,-35.208843,1.60,6.87,BRL
Natal,UberX,COMPLETED,2021-10-01 10:45:40 +0000 UTC,2021-10-01 10:51:23 +0000 UTC,-5.84224,-35.20565,2021-10-01 11:13:51 +0000 UTC,-5.78759,-35.20492,4.73,15.91,BRL
Natal,UberX,COMPLETED,2021-09-25 19:05:17 +0000 UTC,2021-09-25 19:07:15 +0000 UTC,-5.844444,-35.210564,2021-09-25 19:14:14 +0000 UTC,-5.8422155,-35.20563,1.94,7.35,BRL
Natal,UberX,COMPLETED,2021-09-25 18:13:23 +0000 UTC,2021-09-25 18:16:27 +0000 UTC,-5.8192835,-35.212288,2021-09-25 18:23:34 +0000 UTC,-5.844464,-35.210567,2.21,8.93,BRL
Natal,UberX,COMPLETED,2021-09-23 10:50:24 +0000 UTC,2021-09-23 10:54:27 +0000 UTC,-5.8422523,-35.20572,2021-09-23 11:12:09 +0000 UTC,-5.7875624,-35.204994,4.80,15.98,BRL
Natal,UberX,CANCELED,2021-09-23 10:50:00 +0000 UTC,1970-01-01 00:00:00 +0000 UTC,,,1970-01-01 00:00:00 +0000 UTC,,,0.00,0,BRL
Natal,UberX,COMPLETED,2021-09-19 15:18:02 +0000 UTC,2021-09-19 15:25:18 +0000 UTC,-5.844426,-35.210564,2021-09-19 15:29:51 +0000 UTC,-5.8422313,-35.205692,1.60,10.91,BRL
Natal,UberX,COMPLETED,2021-09-12 21:47:53 +0000 UTC,2021-09-12 21:51:44 +0000 UTC,-5.8200254000000005,-35.23481,2021-09-12 22:02:13 +0000 UTC,-5.842255,-35.205704,4.13,12.96,BRL
Natal,UberX,COMPLETED,2021-09-12 21:06:32 +0000 UTC,2021-09-12 21:07:36 +0000 UTC,-5.864894,-35.18738,2021-09-12 21:27:52 +0000 UTC,-5.8123000000000005,-35.20596,5.65,25.92,BRL
Natal,UberX,COMPLETED,2021-09-11 13:53:33 +0000 UTC,2021-09-11 13:56:12 +0000 UTC,-5.84455,-35.21052,2021-09-11 14:04:24 +0000 UTC,-5.8422,-35.20571,1.73,7.99,BRL
Natal,UberX,COMPLETED,2021-09-02 14:49:19 +0000 UTC,2021-09-02 14:52:07 +0000 UTC,-5.793543,-35.20192,2021-09-02 15:09:20 +0000 UTC,-5.842226,-35.205715,4.34,12.95,BRL
Natal,UberX,COMPLETED,2021-09-02 14:23:13 +0000 UTC,2021-09-02 14:26:05 +0000 UTC,-5.842153,-35.205673,2021-09-02 14:38:12 +0000 UTC,-5.793458,-35.201866,4.23,10.98,BRL
Natal,UberX,COMPLETED,2021-08-30 17:26:56 +0000 UTC,2021-08-30 17:30:54 +0000 UTC,-5.826548,-35.227272,2021-08-30 17:41:35 +0000 UTC,-5.8422513,-35.205704,2.35,10.9,BRL
Natal,UberX,COMPLETED,2021-08-30 16:19:44 +0000 UTC,2021-08-30 16:24:54 +0000 UTC,-5.8421865,-35.20562,2021-08-30 16:35:42 +0000 UTC,-5.8266644,-35.22727,2.44,8.99,BRL
Natal,UberX,COMPLETED,2021-08-29 23:15:44 +0000 UTC,2021-08-29 23:25:43 +0000 UTC,-5.846493,-35.24115,2021-08-29 23:39:25 +0000 UTC,-5.84221,-35.20564,5.25,14.9,BRL
Natal,UberX,COMPLETED,2021-08-29 14:25:46 +0000 UTC,2021-08-29 14:37:55 +0000 UTC,-5.842195,-35.205635,2021-08-29 14:51:26 +0000 UTC,-5.8464746,-35.24116,5.11,10.92,BRL
Natal,UberX,COMPLETED,2021-08-28 22:57:03 +0000 UTC,2021-08-28 23:03:47 +0000 UTC,-5.8451405,-35.242638,2021-08-28 23:20:01 +0000 UTC,-5.8422604,-35.20572,5.34,19.97,BRL
Natal,UberX,COMPLETED,2021-08-28 14:46:30 +0000 UTC,2021-08-28 14:51:39 +0000 UTC,-5.84221,-35.20571,2021-08-28 15:08:12 +0000 UTC,-5.84514,-35.24264,5.42,10.97,BRL
Natal,UberX,COMPLETED,2021-08-26 10:08:40 +0000 UTC,2021-08-26 10:15:28 +0000 UTC,-5.8464804,-35.24121,2021-08-26 10:34:12 +0000 UTC,-5.8422217,-35.205673,5.79,11.95,BRL
Natal,UberX,COMPLETED,2021-08-25 19:48:13 +0000 UTC,2021-08-25 19:50:14 +0000 UTC,-5.842181,-35.20563,2021-08-25 20:05:52 +0000 UTC,-5.846536,-35.241062,4.63,10.93,BRL
Natal,UberX,COMPLETED,2021-08-23 19:27:46 +0000 UTC,2021-08-23 19:33:24 +0000 UTC,-5.7905264,-35.198887,2021-08-23 19:48:24 +0000 UTC,-5.8422136,-35.20565,4.62,15.93,BRL
Natal,UberX,COMPLETED,2021-08-23 17:34:00 +0000 UTC,2021-08-23 17:37:10 +0000 UTC,-5.8422149999999995,-35.205666,2021-08-23 17:51:50 +0000 UTC,-5.790546,-35.198788,4.33,12.98,BRL
Natal,UberX,COMPLETED,2021-08-20 10:32:00 +0000 UTC,2021-08-20 10:38:06 +0000 UTC,-5.842249,-35.205757,2021-08-20 10:48:44 +0000 UTC,-5.826611,-35.227234,2.45,8.98,BRL
Natal,UberX,COMPLETED,2021-08-18 10:40:55 +0000 UTC,2021-08-18 10:45:44 +0000 UTC,-5.842145,-35.205715,2021-08-18 11:10:04 +0000 UTC,-5.7875338,-35.204903,4.70,14.98,BRL
Natal,UberX,CANCELED,2021-08-15 20:35:24 +0000 UTC,1970-01-01 00:00:00 +0000 UTC,,,1970-01-01 00:00:00 +0000 UTC,,,0.00,0,BRL
Natal,UberX,CANCELED,2021-08-15 20:33:14 +0000 UTC,1970-01-01 00:00:00 +0000 UTC,-5.831160000000001,-35.22277,1970-01-01 00:00:00 +0000 UTC,-5.83060908317566,-35.22257685661316,0.00,0,BRL
Natal,UberX,COMPLETED,2021-08-13 21:36:30 +0000 UTC,2021-08-13 21:45:44 +0000 UTC,-5.84224,-35.205685,2021-08-13 22:04:39 +0000 UTC,-5.84508,-35.24275,6.14,12.91,BRL
Natal,UberX,COMPLETED,2021-08-06 14:55:23 +0000 UTC,2021-08-06 15:01:01 +0000 UTC,-5.8445454,-35.21053,2021-08-06 15:08:42 +0000 UTC,-5.842231,-35.20563,1.93,7.04,BRL
Natal,UberX,COMPLETED,2021-08-02 16:14:55 +0000 UTC,2021-08-02 16:20:29 +0000 UTC,-5.842203,-35.205612,2021-08-02 16:31:49 +0000 UTC,-5.8266497,-35.22724,2.55,8.97,BRL
Natal,UberX,COMPLETED,2021-08-01 01:52:53 +0000 UTC,2021-08-01 01:56:11 +0000 UTC,-5.875143,-35.17973,2021-08-01 02:03:54 +0000 UTC,-5.842236,-35.205658,3.35,11.98,BRL
Natal,UberX,COMPLETED,2021-07-31 23:23:09 +0000 UTC,2021-07-31 23:25:17 +0000 UTC,-5.83594,-35.219234,2021-07-31 23:40:00 +0000 UTC,-5.875384,-35.179672,4.35,18.9,BRL
Natal,UberX,COMPLETED,2021-07-30 05:29:45 +0000 UTC,2021-07-30 05:41:56 +0000 UTC,-5.8239107,-35.214718,2021-07-30 05:47:38 +0000 UTC,-5.84223,-35.205677,1.97,8.9,BRL
Natal,UberX,COMPLETED,2021-07-23 13:03:55 +0000 UTC,2021-07-23 13:04:43 +0000 UTC,-5.820012,-35.23481,2021-07-23 13:19:08 +0000 UTC,-5.7965517,-35.218906,2.65,9.9,BRL
Natal,UberX,COMPLETED,2021-07-23 11:24:12 +0000 UTC,2021-07-23 11:27:45 +0000 UTC,-5.84218,-35.20572,2021-07-23 11:45:54 +0000 UTC,-5.824523,-35.24343,4.95,12.96,BRL
Natal,UberX,COMPLETED,2021-07-17 20:00:28 +0000 UTC,2021-07-17 20:04:48 +0000 UTC,-5.844436,-35.21058,2021-07-17 20:11:19 +0000 UTC,-5.8422303,-35.20565,1.60,6.9,BRL
Natal,UberX,COMPLETED,2021-07-17 18:51:04 +0000 UTC,2021-07-17 19:02:46 +0000 UTC,-5.8180666,-35.21804,2021-07-17 19:12:07 +0000 UTC,-5.844414,-35.210594,2.59,7.97,BRL
Natal,UberX,COMPLETED,2021-07-15 04:13:33 +0000 UTC,2021-07-15 04:16:15 +0000 UTC,-5.8746114,-35.216114,2021-07-15 04:21:43 +0000 UTC,-5.8422374999999995,-35.205696,2.69,5.98,BRL
Natal,UberX,COMPLETED,2021-07-14 11:51:21 +0000 UTC,2021-07-14 11:52:10 +0000 UTC,-5.78829,-35.20334,2021-07-14 12:08:38 +0000 UTC,-5.8422146,-35.205673,4.75,13.9,BRL
Natal,UberX,COMPLETED,2021-07-14 10:31:58 +0000 UTC,2021-07-14 10:38:02 +0000 UTC,-5.842213,-35.205666,2021-07-14 10:57:19 +0000 UTC,-5.788304,-35.203354,4.68,13.98,BRL
Natal,UberX,COMPLETED,2021-07-11 21:35:15 +0000 UTC,2021-07-11 21:40:35 +0000 UTC,-5.820044,-35.2348,2021-07-11 21:53:46 +0000 UTC,-5.8422412999999995,-35.20574,3.93,14.92,BRL
Natal,UberX,COMPLETED,2021-07-09 19:55:12 +0000 UTC,2021-07-09 19:56:35 +0000 UTC,-5.8444386,-35.210667,2021-07-09 20:06:12 +0000 UTC,-5.8422456,-35.205624,1.60,6.94,BRL
Natal,UberX,COMPLETED,2021-07-09 18:35:00 +0000 UTC,2021-07-09 18:41:01 +0000 UTC,-5.8422594,-35.205605,2021-07-09 18:46:59 +0000 UTC,-5.8444605,-35.210526,1.55,7.1,BRL
Natal,UberX,COMPLETED,2021-07-04 20:52:08 +0000 UTC,2021-07-04 20:57:23 +0000 UTC,-5.7679825000000005,-35.264507,2021-07-04 21:03:46 +0000 UTC,-5.7631397,-35.278233,1.34,10.94,BRL
Natal,UberX,COMPLETED,2021-07-04 20:00:09 +0000 UTC,2021-07-04 20:11:37 +0000 UTC,-5.8422003,-35.205685,2021-07-04 20:37:36 +0000 UTC,-5.7679577,-35.264416,8.45,18.98,BRL
Natal,UberX,COMPLETED,2021-07-03 21:21:57 +0000 UTC,2021-07-03 21:26:52 +0000 UTC,-5.8443249999999995,-35.2106,2021-07-03 21:34:46 +0000 UTC,-5.8421836,-35.205666,1.73,7.37,BRL
Natal,UberX,COMPLETED,2021-06-29 12:37:28 +0000 UTC,2021-06-29 12:39:31 +0000 UTC,-5.8422217,-35.205654,2021-06-29 12:55:27 +0000 UTC,-5.788328,-35.20331,4.67,12.98,BRL
Natal,UberX,COMPLETED,2021-06-15 11:04:49 +0000 UTC,2021-06-15 11:08:45 +0000 UTC,-5.8423843,-35.205996999999996,2021-06-15 11:29:29 +0000 UTC,-5.787602,-35.204956,5.00,13.99,BRL
Natal,UberX,COMPLETED,2021-06-12 18:04:29 +0000 UTC,2021-06-12 18:11:07 +0000 UTC,-5.844518,-35.21048,2021-06-12 18:17:52 +0000 UTC,-5.8422327,-35.20569,1.92,6.16,BRL
Natal,UberX,COMPLETED,2021-06-12 17:13:11 +0000 UTC,2021-06-12 17:23:26 +0000 UTC,-5.8202972,-35.229336,2021-06-12 17:36:43 +0000 UTC,-5.8441814999999995,-35.210384,3.16,11.93,BRL
Natal,UberX,COMPLETED,2021-06-09 13:20:46 +0000 UTC,2021-06-09 13:25:06 +0000 UTC,-5.8422084,-35.205635,2021-06-09 13:40:30 +0000 UTC,-5.788271,-35.203304,4.69,11.91,BRL
Natal,UberX,COMPLETED,2021-06-07 13:25:02 +0000 UTC,2021-06-07 13:27:54 +0000 UTC,-5.844383,-35.21055,2021-06-07 13:34:19 +0000 UTC,-5.8422149999999995,-35.20564,1.92,6.19,BRL
Natal,UberX,COMPLETED,2021-04-24 12:29:29 +0000 UTC,2021-04-24 12:30:54 +0000 UTC,-5.844474,-35.210564,2021-04-24 12:37:28 +0000 UTC,-5.8422422,-35.205723,1.92,6.28,BRL
Natal,UberX,COMPLETED,2021-04-14 12:31:54 +0000 UTC,2021-04-14 12:35:17 +0000 UTC,-5.844499,-35.210518,2021-04-14 12:40:54 +0000 UTC,-5.8422217,-35.20565,1.73,6.2,BRL
Natal,UberX,COMPLETED,2021-04-14 11:17:25 +0000 UTC,2021-04-14 11:20:10 +0000 UTC,-5.8422213,-35.205627,2021-04-14 11:26:02 +0000 UTC,-5.8444037,-35.210552,1.71,6.47,BRL
Natal,UberX,COMPLETED,2021-04-03 13:22:09 +0000 UTC,2021-04-03 13:25:36 +0000 UTC,-5.8445067,-35.210487,2021-04-03 13:31:05 +0000 UTC,-5.8421717,-35.205647,1.62,6.28,BRL
Natal,UberX,COMPLETED,2021-04-03 12:23:08 +0000 UTC,2021-04-03 12:24:35 +0000 UTC,-5.8421674,-35.20571,2021-04-03 12:29:32 +0000 UTC,-5.8444934,-35.21057,1.54,5.42,BRL
Natal,UberX,COMPLETED,2021-03-13 14:17:28 +0000 UTC,2021-03-13 14:20:19 +0000 UTC,-5.8445954,-35.210495,2021-03-13 14:27:46 +0000 UTC,-5.842238,-35.205696,1.74,6.23,BRL
Natal,UberX,COMPLETED,2021-03-05 19:19:51 +0000 UTC,2021-03-05 19:24:24 +0000 UTC,-5.8444643,-35.210155,2021-03-05 19:32:38 +0000 UTC,-5.8422117,-35.205658,1.90,6.42,BRL
Natal,UberX,COMPLETED,2021-02-13 14:32:22 +0000 UTC,2021-02-13 14:36:27 +0000 UTC,-5.84452,-35.21052,2021-02-13 14:42:57 +0000 UTC,-5.8422236,-35.205612,1.94,6.09,BRL
Natal,UberX,COMPLETED,2021-02-06 23:37:49 +0000 UTC,2021-02-06 23:49:10 +0000 UTC,-5.8465,-35.24115,2021-02-07 00:05:22 +0000 UTC,-5.842153,-35.205696,5.18,14.67,BRL
Natal,UberX,COMPLETED,2021-02-03 19:09:17 +0000 UTC,2021-02-03 19:12:11 +0000 UTC,-5.8449554,-35.21037,2021-02-03 19:21:36 +0000 UTC,-5.842238,-35.205658,1.96,6.13,BRL
Natal,UberX,COMPLETED,2021-01-17 13:52:10 +0000 UTC,2021-01-17 13:59:51 +0000 UTC,-5.849545,-35.20611,2021-01-17 14:03:20 +0000 UTC,-5.842204,-35.20568,0.79,5.52,BRL
Natal,UberX,COMPLETED,2021-01-09 17:44:09 +0000 UTC,2021-01-09 17:45:31 +0000 UTC,-5.81786,-35.218037,2021-01-09 17:54:14 +0000 UTC,-5.842504,-35.205685,2.86,9.65,BRL
Natal,UberX,COMPLETED,2021-01-08 13:06:48 +0000 UTC,2021-01-08 13:10:48 +0000 UTC,-5.8200483,-35.234783,2021-01-08 13:22:50 +0000 UTC,-5.8422184,-35.2057,4.12,17.67,BRL
Natal,UberX,COMPLETED,2020-12-22 08:10:31 +0000 UTC,2020-12-22 08:15:59 +0000 UTC,-5.8421903,-35.20569,2020-12-22 08:25:44 +0000 UTC,-5.819994,-35.234848,3.55,10.5,BRL
Natal,UberX,CANCELED,2020-12-19 18:27:47 +0000 UTC,1970-01-01 00:00:00 +0000 UTC,-5.8567944,-35.19867,1970-01-01 00:00:00 +0000 UTC,-5.8565672636032104,-35.19812309741974,0.00,0,BRL
Natal,UberX,COMPLETED,2020-12-06 14:05:33 +0000 UTC,2020-12-06 14:08:12 +0000 UTC,-5.8495417,-35.206234,2020-12-06 14:11:43 +0000 UTC,-5.84222,-35.205696,0.70,6.29,BRL
Natal,UberX,COMPLETED,2020-11-28 15:59:53 +0000 UTC,2020-11-28 16:04:12 +0000 UTC,-5.8421707,-35.205635,2020-11-28 16:10:07 +0000 UTC,-5.8387356,-35.219852,1.65,6.6,BRL
Natal,UberX,CANCELED,2020-11-28 15:58:47 +0000 UTC,1970-01-01 00:00:00 +0000 UTC,-5.8510103,-35.20525,1970-01-01 00:00:00 +0000 UTC,-5.85133075714111,-35.20483922958374,0.00,0,BRL
Natal,UberX,CANCELED,2020-11-28 15:57:49 +0000 UTC,1970-01-01 00:00:00 +0000 UTC,-5.8544984,-35.2033,1970-01-01 00:00:00 +0000 UTC,-5.85404276847839,-35.20389068126678,0.00,0,BRL
Natal,UberX,COMPLETED,2020-11-21 12:34:11 +0000 UTC,2020-11-21 12:39:16 +0000 UTC,-5.849707,-35.20607,2020-11-21 12:42:39 +0000 UTC,-5.842223,-35.20572,0.75,7.24,BRL
Natal,UberX,COMPLETED,2020-11-17 19:37:51 +0000 UTC,2020-11-17 19:42:40 +0000 UTC,-5.82012,-35.23489,2020-11-17 19:54:18 +0000 UTC,-5.8422412999999995,-35.205654,3.91,15.99,BRL
Natal,UberX,COMPLETED,2020-11-03 14:22:43 +0000 UTC,2020-11-03 14:26:58 +0000 UTC,-5.842169,-35.205555,2020-11-03 14:38:53 +0000 UTC,-5.8200544999999995,-35.234806,3.60,12.63,BRL
Natal,UberX,COMPLETED,2020-10-26 18:45:07 +0000 UTC,2020-10-26 18:52:41 +0000 UTC,-5.790528,-35.198845,2020-10-26 19:07:18 +0000 UTC,-5.842242,-35.205704,4.39,13.04,BRL
Natal,UberX,COMPLETED,2020-10-26 17:16:42 +0000 UTC,2020-10-26 17:23:17 +0000 UTC,-5.8422623,-35.205685,2020-10-26 17:37:50 +0000 UTC,-5.790585,-35.198776,4.61,13.33,BRL
Natal,UberX,COMPLETED,2020-10-24 14:59:53 +0000 UTC,2020-10-24 15:06:24 +0000 UTC,-5.84221,-35.205708,2020-10-24 15:21:15 +0000 UTC,-5.846475,-35.24116,4.76,12.28,BRL
Natal,UberX,COMPLETED,2020-10-23 14:46:05 +0000 UTC,2020-10-23 14:51:31 +0000 UTC,-5.849548,-35.20605,2020-10-23 14:57:07 +0000 UTC,-5.8422103,-35.20565,0.79,5.95,BRL
Natal,UberX,COMPLETED,2020-10-22 11:16:12 +0000 UTC,2020-10-22 11:18:03 +0000 UTC,-5.831499,-35.222843,2020-10-22 11:23:51 +0000 UTC,-5.842223,-35.205685,1.98,8.35,BRL
Natal,UberX,COMPLETED,2020-10-22 10:46:30 +0000 UTC,2020-10-22 10:48:21 +0000 UTC,-5.7905374,-35.198826,2020-10-22 11:03:19 +0000 UTC,-5.831584,-35.222878,4.05,13.7,BRL
Natal,UberX,COMPLETED,2020-10-22 10:22:53 +0000 UTC,2020-10-22 10:25:55 +0000 UTC,-5.842231,-35.20576,2020-10-22 10:42:17 +0000 UTC,-5.7905283,-35.198875,4.33,14.36,BRL
Natal,UberX,COMPLETED,2020-10-21 12:44:45 +0000 UTC,2020-10-21 12:50:55 +0000 UTC,-5.7906647,-35.198757,2020-10-21 13:05:50 +0000 UTC,-5.842304,-35.205616,4.38,13.28,BRL
Natal,UberX,COMPLETED,2020-10-15 14:36:04 +0000 UTC,2020-10-15 14:42:15 +0000 UTC,-5.7904367,-35.198776,2020-10-15 15:00:29 +0000 UTC,-5.8422111999999995,-35.205807,4.66,13.25,BRL
Natal,UberX,COMPLETED,2020-09-26 14:15:21 +0000 UTC,2020-09-26 14:19:34 +0000 UTC,-5.8495617,-35.20611,2020-09-26 14:23:59 +0000 UTC,-5.8421959999999995,-35.205677,0.99,5.74,BRL
Natal,UberX,COMPLETED,2020-09-20 14:29:06 +0000 UTC,2020-09-20 14:30:05 +0000 UTC,-5.8495483,-35.20608,2020-09-20 14:33:46 +0000 UTC,-5.842218,-35.205624,0.79,5.74,BRL
Natal,UberX,COMPLETED,2020-09-17 20:12:01 +0000 UTC,2020-09-17 20:18:07 +0000 UTC,-5.8495393,-35.20605,2020-09-17 20:21:10 +0000 UTC,-5.8422403,-35.205708,0.78,5.74,BRL
Natal,UberX,COMPLETED,2020-08-15 11:45:03 +0000 UTC,2020-08-15 11:51:20 +0000 UTC,-5.849615,-35.2060567,2020-08-15 11:55:47 +0000 UTC,-5.8422184,-35.2056357,0.79,5.74,BRL
Natal,UberX,COMPLETED,2020-02-22 08:21:52 +0000 UTC,2020-02-22 08:26:32 +0000 UTC,-5.8422248,-35.2056679,2020-02-22 08:38:04 +0000 UTC,-5.8200962,-35.2346581,3.54,14.96,BRL
Natal,UberX,COMPLETED,2020-02-16 14:59:45 +0000 UTC,2020-02-16 15:05:02 +0000 UTC,-5.842156,-35.2057026,2020-02-16 15:08:55 +0000 UTC,-5.8503274,-35.1997728,0.75,5.7,BRL
Natal,UberX,CANCELED,2020-02-16 14:59:03 +0000 UTC,1970-01-01 00:00:00 +0000 UTC,-5.8452908,-35.2098872,1970-01-01 00:00:00 +0000 UTC,-5.84525149267058,-35.2097747976268,0.00,0,BRL
Natal,UberX,COMPLETED,2020-02-16 01:02:49 +0000 UTC,2020-02-16 01:07:53 +0000 UTC,-5.77932,-35.20534,2020-02-16 01:11:46 +0000 UTC,-5.7872,-35.20916,0.77,13.8,BRL
Natal,UberX,COMPLETED,2020-01-27 15:08:23 +0000 UTC,2020-01-27 15:13:07 +0000 UTC,-5.8501702,-35.2054237,2020-01-27 15:16:17 +0000 UTC,-5.8421767,-35.2056972,0.83,5.7,BRL
Natal,UberX,COMPLETED,2020-01-20 14:14:50 +0000 UTC,2020-01-20 14:18:42 +0000 UTC,-5.8422104,-35.2056649,2020-01-20 14:33:55 +0000 UTC,-5.7972299,-35.2174099,3.94,13.43,BRL
Natal,UberX,COMPLETED,2020-01-05 01:14:06 +0000 UTC,2020-01-05 01:19:13 +0000 UTC,-5.7679966,-35.2644142,2020-01-05 01:44:48 +0000 UTC,-5.8422443,-35.2056767,8.68,29.38,BRL
Natal,UberX,COMPLETED,2020-01-03 18:52:11 +0000 UTC,2020-01-03 18:57:37 +0000 UTC,-5.8200496,-35.2348881,2020-01-03 19:08:31 +0000 UTC,-5.8422843,-35.2057,3.43,12.87,BRL
Natal,UberX,COMPLETED,2019-12-23 17:32:24 +0000 UTC,2019-12-23 17:36:21 +0000 UTC,-5.8422621,-35.2059496,2019-12-23 17:50:10 +0000 UTC,-5.8201212,-35.2345899,3.56,13,BRL
Rio de Janeiro,UberX,COMPLETED,2019-12-16 09:26:36 +0000 UTC,2019-12-16 09:38:05 +0000 UTC,-22.8973828,-43.224117,2019-12-16 09:54:16 +0000 UTC,-22.8137137,-43.2468668,8.44,21.18,BRL
Rio de Janeiro,UberX,COMPLETED,2019-12-08 13:49:38 +0000 UTC,2019-12-08 13:50:41 +0000 UTC,-22.898917,-43.1797943,2019-12-08 14:01:29 +0000 UTC,-22.8973651,-43.2241039,4.33,13.08,BRL
Rio de Janeiro,UberX,COMPLETED,2019-12-08 10:11:13 +0000 UTC,2019-12-08 10:13:57 +0000 UTC,-22.8974041,-43.2241144,2019-12-08 10:34:35 +0000 UTC,-22.9003798,-43.1776103,4.97,16.34,BRL
Rio de Janeiro,UberX,COMPLETED,2019-12-06 12:32:56 +0000 UTC,2019-12-06 12:39:19 +0000 UTC,-22.9088142,-43.1695971,2019-12-06 13:11:37 +0000 UTC,-22.8974111,-43.2241614,5.63,19.52,BRL
Rio de Janeiro,UberX,COMPLETED,2019-12-06 11:48:28 +0000 UTC,2019-12-06 11:52:02 +0000 UTC,-22.8974452,-43.2241542,2019-12-06 12:19:46 +0000 UTC,-22.9087665,-43.1694331,5.03,18.93,BRL
Rio de Janeiro,UberX,COMPLETED,2019-12-06 01:10:48 +0000 UTC,2019-12-06 01:21:18 +0000 UTC,-22.9103651,-43.2313094,2019-12-06 01:31:19 +0000 UTC,-22.897362,-43.224241,2.94,9.32,BRL
Rio de Janeiro,UberX,CANCELED,2019-12-06 01:08:05 +0000 UTC,1970-01-01 00:00:00 +0000 UTC,,,1970-01-01 00:00:00 +0000 UTC,,,0.00,0,BRL
Rio de Janeiro,UberX,COMPLETED,2019-12-05 20:38:54 +0000 UTC,2019-12-05 20:43:48 +0000 UTC,-22.8973859,-43.2241222,2019-12-05 21:11:04 +0000 UTC,-22.9128596,-43.2270645,2.38,11.78,BRL
Rio de Janeiro,UberX,COMPLETED,2019-12-01 12:59:47 +0000 UTC,2019-12-01 13:07:41 +0000 UTC,-22.9133132,-43.1740783,2019-12-01 13:22:26 +0000 UTC,-22.8974828,-43.224198,5.37,21.55,BRL
Rio de Janeiro,UberX,COMPLETED,2019-12-01 10:17:58 +0000 UTC,2019-12-01 10:18:53 +0000 UTC,-22.897368,-43.2241514,2019-12-01 10:42:30 +0000 UTC,-22.9146016,-43.1749202,4.80,17.3,BRL
Rio de Janeiro,UberX,CANCELED,2019-12-01 10:16:36 +0000 UTC,1970-01-01 00:00:00 +0000 UTC,-22.9039165,-43.2234097,1970-01-01 00:00:00 +0000 UTC,-22.9021663,-43.2252032,0.00,0,BRL
Rio de Janeiro,UberX,COMPLETED,2019-11-28 13:13:27 +0000 UTC,2019-11-28 13:15:04 +0000 UTC,-22.9121925,-43.2079164,2019-11-28 13:31:18 +0000 UTC,-22.897437,-43.2241271,4.23,12.28,BRL
Rio de Janeiro,UberX,COMPLETED,2019-11-28 12:39:06 +0000 UTC,2019-11-28 12:41:29 +0000 UTC,-22.8974032,-43.2241698,2019-11-28 12:58:31 +0000 UTC,-22.9121782,-43.2079278,4.10,12.94,BRL
Rio de Janeiro,UberX,COMPLETED,2019-11-16 20:26:52 +0000 UTC,2019-11-16 20:36:03 +0000 UTC,-22.9024467,-43.1759777,2019-11-16 20:52:26 +0000 UTC,-22.8973457,-43.2241095,4.47,14.64,BRL
Rio de Janeiro,UberX,COMPLETED,2019-11-16 13:52:47 +0000 UTC,2019-11-16 13:56:08 +0000 UTC,-22.89938,-43223,2019-11-16 14:12:26 +0000 UTC,-22.90222,-43.18166,3.62,13.51,BRL
Rio de Janeiro,UberX,COMPLETED,2019-11-03 21:24:49 +0000 UTC,2019-11-03 21:33:26 +0000 UTC,-22.9090233,-43.2267906,2019-11-03 21:43:40 +0000 UTC,-22.8974186,-43.2241278,2.28,12.78,BRL
Rio de Janeiro,UberX,CANCELED,2019-11-03 21:06:00 +0000 UTC,1970-01-01 00:00:00 +0000 UTC,-22.9158118,-43.2355738,1970-01-01 00:00:00 +0000 UTC,-22.915816,-43.2355707,0.00,0,BRL
Rio de Janeiro,UberX,COMPLETED,2019-11-03 17:22:57 +0000 UTC,2019-11-03 17:25:34 +0000 UTC,-22.8974254,-43.2241634,2019-11-03 17:40:42 +0000 UTC,-22.9116745,-43.2339848,2.80,8.97,BRL
Rio de Janeiro,UberX,COMPLETED,2019-10-28 00:02:46 +0000 UTC,2019-10-28 00:22:10 +0000 UTC,-22.9103914,-43.2314323,2019-10-28 00:34:10 +0000 UTC,-22.8973873,-43.2241539,2.91,9.51,BRL
Rio de Janeiro,UberX,COMPLETED,2019-10-27 19:36:14 +0000 UTC,2019-10-27 19:38:54 +0000 UTC,-22.8974203,-43.2241615,2019-10-27 19:50:02 +0000 UTC,-22.9131918,-43.227363,2.37,10.88,BRL
Rio de Janeiro,UberX,COMPLETED,2019-10-15 22:19:48 +0000 UTC,2019-10-15 22:26:46 +0000 UTC,-22.8143169,-43.2467147,2019-10-15 22:39:54 +0000 UTC,-22.8929333,-43.219798,7.60,23.94,BRL
Natal,UberX,COMPLETED,2019-10-13 15:43:02 +0000 UTC,2019-10-13 15:47:59 +0000 UTC,-5.842247,-35.2057606,2019-10-13 16:07:16 +0000 UTC,-5.8465065,-35.2411229,7.07,19.76,BRL
Natal,UberX,COMPLETED,2019-09-29 08:15:03 +0000 UTC,2019-09-29 08:17:03 +0000 UTC,-5.8246611999999995,-35.2139512,2019-09-29 08:24:28 +0000 UTC,-5.842231,-35.2057408,1.91,13.03,BRL
Natal,UberX,CANCELED,2019-09-29 08:14:01 +0000 UTC,1970-01-01 00:00:00 +0000 UTC,-5.8250686,-35.2121963,1970-01-01 00:00:00 +0000 UTC,-5.8232619,-35.2123195,0.00,0,BRL
Natal,UberX,COMPLETED,2019-09-20 23:59:29 +0000 UTC,2019-09-21 00:02:47 +0000 UTC,-5.8421783,-35.2056543,2019-09-21 00:09:51 +0000 UTC,-5.8319331,-35.2171263,1.63,6.65,BRL
Natal,UberX,COMPLETED,2019-09-15 02:37:22 +0000 UTC,2019-09-15 02:42:47 +0000 UTC,-5.8189753,-35.2010865,2019-09-15 02:51:18 +0000 UTC,-5.8422251,-35.2056807,2.79,9.61,BRL
Natal,UberX,COMPLETED,2019-09-14 21:14:45 +0000 UTC,2019-09-14 21:21:44 +0000 UTC,-5.8422513,-35.2057339,2019-09-14 21:30:40 +0000 UTC,-5.8189868,-35.2009977,2.96,8.87,BRL
Natal,UberX,COMPLETED,2019-09-02 11:30:45 +0000 UTC,2019-09-02 11:32:36 +0000 UTC,-5.842235,-35.2056283,2019-09-02 11:45:50 +0000 UTC,-5.8200687,-35.234746,3.84,10.98,BRL
Natal,UberX,COMPLETED,2019-07-16 22:07:01 +0000 UTC,2019-07-16 22:09:19 +0000 UTC,-5.8422741,-35.2057999,2019-07-16 22:26:11 +0000 UTC,-5.8607833,-35.1820412,7.92,10.26,BRL
Natal,UberX,COMPLETED,2019-07-08 12:59:25 +0000 UTC,2019-07-08 13:04:55 +0000 UTC,-5.8200512,-35.2348471,2019-07-08 13:17:34 +0000 UTC,-5.8422503,-35.2057411,4.19,11.29,BRL
Natal,UberX,COMPLETED,2019-07-03 11:13:05 +0000 UTC,2019-07-03 11:16:20 +0000 UTC,-5.84224,-35.2056842,2019-07-03 11:29:56 +0000 UTC,-5.8201138,-35.2347909,3.52,11.17,BRL
Natal,UberX,COMPLETED,2019-06-22 23:50:13 +0000 UTC,2019-06-22 23:57:28 +0000 UTC,-5.8465012,-35.2411475,2019-06-23 00:12:13 +0000 UTC,-5.8422501,-35.2057283,5.31,15.49,BRL
Natal,UberX,COMPLETED,2019-06-12 22:20:53 +0000 UTC,2019-06-12 22:25:32 +0000 UTC,-5.8719254,-35.1799347,2019-06-12 22:41:59 +0000 UTC,-5.8406611,-35.2103247,3.76,23.24,BRL
Natal,UberX,COMPLETED,2019-05-12 21:55:59 +0000 UTC,2019-05-12 22:01:07 +0000 UTC,-5.8200668,-35.2348036,2019-05-12 22:12:58 +0000 UTC,-5.8422322,-35.2057216,4.10,13.21,BRL
Natal,UberX,COMPLETED,2019-05-03 23:10:33 +0000 UTC,2019-05-03 23:12:14 +0000 UTC,-5.84218,-35.2056517,2019-05-03 23:25:11 +0000 UTC,-5.8695202,-35.1808488,4.82,10.41,BRL
Natal,UberX,COMPLETED,2019-04-30 21:51:08 +0000 UTC,2019-04-30 22:03:59 +0000 UTC,-5.8445658,-35.2105144,2019-04-30 22:11:12 +0000 UTC,-5.8422441,-35.2056899,1.92,6.94,BRL
Natal,UberX,COMPLETED,2019-04-21 22:18:29 +0000 UTC,2019-04-21 22:23:58 +0000 UTC,-5.820095,-35.2347633,2019-04-21 22:33:22 +0000 UTC,-5.842219,-35.2057149,3.65,10.45,BRL
Natal,UberX,COMPLETED,2019-04-18 08:15:37 +0000 UTC,2019-04-18 08:21:45 +0000 UTC,-5.8423051,-35.2058871,2019-04-18 08:33:43 +0000 UTC,-5.8200376,-35.2347008,3.55,10.55,BRL
Natal,UberX,COMPLETED,2019-03-13 21:44:48 +0000 UTC,2019-03-13 21:49:11 +0000 UTC,-5.8423333,-35.2060023,2019-03-13 22:22:56 +0000 UTC,-5.8726188,-35.1780746,3.72,12.93,BRL
Natal,UberX,COMPLETED,2019-03-06 21:36:18 +0000 UTC,2019-03-06 21:45:22 +0000 UTC,-5.8200665,-35.2347487,2019-03-06 21:55:56 +0000 UTC,-5.84222,-35.2056595,3.43,11.5,BRL
Natal,UberX,COMPLETED,2019-03-02 08:23:37 +0000 UTC,2019-03-02 08:30:14 +0000 UTC,-5.8422533,-35.2056933,2019-03-02 08:40:57 +0000 UTC,-5.820095,-35.2346961,3.52,12.17,BRL
Natal,UberX,COMPLETED,2019-02-15 02:40:06 +0000 UTC,2019-02-15 02:42:46 +0000 UTC,-5.8648694,-35.1873948,2019-02-15 02:48:32 +0000 UTC,-5.8422438,-35.2057301,2.52,9.61,BRL
Natal,UberX,COMPLETED,2019-01-27 14:03:58 +0000 UTC,2019-01-27 14:05:42 +0000 UTC,-5.8422131,-35.2056671,2019-01-27 14:17:12 +0000 UTC,-5.8200094,-35.2348119,3.54,11.1,BRL
Natal,UberX,COMPLETED,2019-01-27 04:40:24 +0000 UTC,2019-01-27 04:45:33 +0000 UTC,-5.8716968,-35.2082947,2019-01-27 04:51:29 +0000 UTC,-5.8422164,-35.2056813,2.64,9.52,BRL
Natal,UberX,COMPLETED,2019-01-26 23:39:45 +0000 UTC,2019-01-26 23:44:20 +0000 UTC,-5.8422391,-35.2057184,2019-01-26 23:54:22 +0000 UTC,-5.8719831,-35.2084595,2.89,12.01,BRL
Natal,UberX,COMPLETED,2019-01-13 01:46:04 +0000 UTC,2019-01-13 01:52:11 +0000 UTC,-5.8672595,-35.1951785,2019-01-13 02:00:41 +0000 UTC,-5.842232,-35.2056842,2.65,12.38,BRL
Natal,UberX,COMPLETED,2019-01-05 18:55:43 +0000 UTC,2019-01-05 19:00:22 +0000 UTC,-5.8200254000000005,-35.2348373,2019-01-05 19:12:26 +0000 UTC,-5.842221,-35.2056937,4.09,14.21,BRL
Natal,UberX,COMPLETED,2018-12-17 14:06:43 +0000 UTC,2018-12-17 14:11:22 +0000 UTC,-5.8422279,-35.205641,2018-12-17 14:25:58 +0000 UTC,-5.8451125,-35.2426341,4.71,13.67,BRL
Natal,UberX,COMPLETED,2018-12-01 02:24:29 +0000 UTC,2018-12-01 02:26:41 +0000 UTC,-5.8561461,-35.2118923,2018-12-01 02:30:26 +0000 UTC,-5.8422221,-35.2056861,1.45,6.07,BRL
Natal,UberX,COMPLETED,2018-11-24 02:21:05 +0000 UTC,2018-11-24 02:28:51 +0000 UTC,-5.8121749,-35.2061426,2018-11-24 02:39:28 +0000 UTC,-5.8422247,-35.2056792,3.36,15.74,BRL
Natal,UberX,COMPLETED,2018-11-17 08:21:40 +0000 UTC,2018-11-17 08:25:52 +0000 UTC,-5.8422146,-35.2056572,2018-11-17 08:35:27 +0000 UTC,-5.820018,-35.2348422,3.54,13.29,BRL
Natal,UberX,CANCELED,2018-11-17 08:20:22 +0000 UTC,1970-01-01 00:00:00 +0000 UTC,-5.8661294,-35.1860002,1970-01-01 00:00:00 +0000 UTC,-5.8662789,-35.1866523,0.00,0,BRL
Natal,UberX,COMPLETED,2018-10-29 13:01:08 +0000 UTC,2018-10-29 13:05:12 +0000 UTC,-5.8200631,-35.234791799999996,2018-10-29 13:17:32 +0000 UTC,-5.8421658,-35.2057375,3.61,11.21,BRL
Natal,UberX,COMPLETED,2018-10-26 23:41:05 +0000 UTC,2018-10-26 23:42:49 +0000 UTC,-5.8387018,-35.2200037,2018-10-26 23:49:22 +0000 UTC,-5.8118633,-35.2076967,2.22,9.04,BRL
Natal,UberX,COMPLETED,2018-10-20 00:00:10 +0000 UTC,2018-10-20 00:04:49 +0000 UTC,-5.8386634,-35.2200264,2018-10-20 00:11:24 +0000 UTC,-5.812519,-35.2061321,2.34,9.55,BRL
Natal,UberX,COMPLETED,2018-10-14 06:15:28 +0000 UTC,2018-10-14 06:24:46 +0000 UTC,-5.8247514,-35.214494,2018-10-14 06:29:51 +0000 UTC,-5.8421935,-35.2056358,1.96,11.4,BRL
Natal,UberX,COMPLETED,2018-09-16 04:03:43 +0000 UTC,2018-09-16 04:05:00 +0000 UTC,-5.8367137,-35.21193,2018-09-16 04:08:43 +0000 UTC,-5.8422838,-35.2057783,1.63,7.29,BRL
Natal,UberX,COMPLETED,2018-09-16 00:50:28 +0000 UTC,2018-09-16 00:55:32 +0000 UTC,-5.8422389,-35.2057273,2018-09-16 00:57:56 +0000 UTC,-5.8367977,-35.2114902,0.77,6.75,BRL
Natal,UberX,FARE_SPLIT,2018-08-21 00:39:31 +0000 UTC,2018-08-21 00:45:58 +0000 UTC,,,2018-08-21 00:54:02 +0000 UTC,,,1.71,8.61,BRL
Natal,UberX,COMPLETED,2018-08-16 16:13:00 +0000 UTC,2018-08-16 16:17:46 +0000 UTC,-5.8418334,-35.1981019,2018-08-16 16:30:35 +0000 UTC,-5.8266273,-35.2273395,3.91,13.26,BRL
Natal,UberX,COMPLETED,2018-08-02 16:51:57 +0000 UTC,2018-08-02 16:54:06 +0000 UTC,-5.8418099,-35.1980752,2018-08-02 17:09:12 +0000 UTC,-5.8266504,-35.2272978,3.90,13.35,BRL
Natal,UberX,COMPLETED,2018-07-22 21:13:07 +0000 UTC,2018-07-22 21:22:16 +0000 UTC,-5.8872116,-35.2128301,2018-07-22 21:44:47 +0000 UTC,-5.842241,-35.2056741,4.40,18.85,BRL
Natal,UberX,COMPLETED,2018-07-22 15:07:22 +0000 UTC,2018-07-22 15:09:41 +0000 UTC,-5.8421333,-35.20564,2018-07-22 15:25:14 +0000 UTC,-5.8871375,-35.212823,7.22,16.44,BRL
Natal,UberX,COMPLETED,2018-07-22 04:43:10 +0000 UTC,2018-07-22 04:44:52 +0000 UTC,-5.8814366,-35.176026,2018-07-22 04:54:35 +0000 UTC,-5.8422513,-35.2057055,3.90,13.52,BRL
Natal,UberX,COMPLETED,2018-07-21 21:27:03 +0000 UTC,2018-07-21 21:29:14 +0000 UTC,-5.8422472,-35.2057215,2018-07-21 21:41:59 +0000 UTC,-5.8718992,-35.2082692,3.55,12.6,BRL
Natal,UberX,COMPLETED,2018-07-21 02:24:18 +0000 UTC,2018-07-21 02:30:11 +0000 UTC,-5.7937283,-35.20591,2018-07-21 02:41:24 +0000 UTC,-5.8422288,-35.2056128,4.46,14.89,BRL
Natal,UberX,COMPLETED,2018-07-04 21:54:19 +0000 UTC,2018-07-04 22:00:52 +0000 UTC,-5.842262,-35.2057177,2018-07-04 22:07:57 +0000 UTC,-5.8265241,-35.2048991,2.44,8.66,BRL
Natal,UberX,CANCELED,2018-07-04 21:52:59 +0000 UTC,1970-01-01 00:00:00 +0000 UTC,-5.8534939,-35.2060406,1970-01-01 00:00:00 +0000 UTC,-5.853495,-35.2060391,0.00,0,BRL
Rio de Janeiro,UberX,COMPLETED,2018-06-26 08:58:29 +0000 UTC,2018-06-26 09:07:09 +0000 UTC,-22.89487,-43.22573,2018-06-26 09:21:54 +0000 UTC,-22.813611,-43.2468737,8.51,22.47,BRL
Rio de Janeiro,UberX,COMPLETED,2018-06-22 20:12:21 +0000 UTC,2018-06-22 20:17:36 +0000 UTC,-22.9188953,-43.1771579,2018-06-22 20:55:37 +0000 UTC,-22.8948262,-43.2254802,8.20,26.67,BRL
Rio de Janeiro,UberX,COMPLETED,2018-06-22 15:52:55 +0000 UTC,2018-06-22 15:56:41 +0000 UTC,-22.8947334,-43.2254849,2018-06-22 16:08:38 +0000 UTC,-22.90894,-43.232615,2.76,11.25,BRL
Rio de Janeiro,UberX,COMPLETED,2018-06-19 23:25:07 +0000 UTC,2018-06-19 23:30:44 +0000 UTC,-22.9023746,-43.2178923,2018-06-19 23:37:34 +0000 UTC,-22.8947959,-43.2256135,1.87,7.75,BRL
Rio de Janeiro,UberX,COMPLETED,2018-06-16 03:14:46 +0000 UTC,2018-06-16 03:15:39 +0000 UTC,-22.9000624,-43.2229683,2018-06-16 03:34:24 +0000 UTC,-22.9062003,-43.238974,4.84,16.59,BRL
Rio de Janeiro,UberX,COMPLETED,2018-06-15 04:53:23 +0000 UTC,2018-06-15 04:59:49 +0000 UTC,-22.8941772,-43.2234199,2018-06-15 05:06:35 +0000 UTC,-22.90616,-43.2390307,2.89,10.03,BRL
Rio de Janeiro,UberX,CANCELED,2018-06-15 04:51:45 +0000 UTC,1970-01-01 00:00:00 +0000 UTC,,,1970-01-01 00:00:00 +0000 UTC,,,0.00,0,BRL
Rio de Janeiro,UberX,COMPLETED,2018-06-11 23:26:36 +0000 UTC,2018-06-11 23:30:40 +0000 UTC,-22.9002717,-43.2244607,2018-06-11 23:36:42 +0000 UTC,-22.9061789,-43.2390099,2.23,8.98,BRL
Rio de Janeiro,UberX,CANCELED,2018-06-09 07:54:28 +0000 UTC,1970-01-01 00:00:00 +0000 UTC,-22.8523767,-43.2467017,1970-01-01 00:00:00 +0000 UTC,-22.828454999999998,-43.2766317,0.00,0,BRL
Rio de Janeiro,uberX,COMPLETED,2018-06-06 03:03:26 +0000 UTC,2018-06-06 03:05:17 +0000 UTC,-22.8998684,-43.2231928,2018-06-06 03:12:53 +0000 UTC,-22.9017544,-43.2171163,2.42,10.47,BRL
Rio de Janeiro,uberX,DRIVER_CANCELED,2018-06-06 03:00:18 +0000 UTC,2018-06-06 03:02:43 +0000 UTC,-22.889338,-43.2202938,1970-01-01 00:00:00 +0000 UTC,-22.9053504,-43.2102367,0.00,0,BRL
Rio de Janeiro,uberX,COMPLETED,2018-06-03 21:01:43 +0000 UTC,2018-06-03 21:33:32 +0000 UTC,-22.9128265,-43.2271246,2018-06-03 21:52:01 +0000 UTC,-22.8948199,-43.2255796,3.51,9.66,BRL
Rio de Janeiro,uberX,COMPLETED,2018-06-03 16:11:54 +0000 UTC,2018-06-03 16:16:14 +0000 UTC,-22.8947937,-43.2255411,2018-06-03 16:27:18 +0000 UTC,-22.9147229,-43.2295817,2.81,11.11,BRL
Rio de Janeiro,uberX,COMPLETED,2018-05-31 04:34:44 +0000 UTC,2018-05-31 04:36:34 +0000 UTC,-22.8998766,-43.2230751,2018-05-31 04:43:43 +0000 UTC,-22.906122,-43.2389767,2.47,10.19,BRL
Rio de Janeiro,uberX,COMPLETED,2018-05-24 18:44:47 +0000 UTC,2018-05-24 18:48:55 +0000 UTC,-22.814215,-43.2468467,2018-05-24 19:04:30 +0000 UTC,-22.8949417,-43.22565,8.03,23.43,BRL
Natal,uberX,COMPLETED,2018-05-15 16:49:25 +0000 UTC,2018-05-15 16:51:45 +0000 UTC,-5.8418396,-35.1980419,2018-05-15 17:05:48 +0000 UTC,-5.8266235,-35.2272948,4.00,14.63,BRL
Natal,uberX,COMPLETED,2018-04-15 12:18:15 +0000 UTC,2018-04-15 12:23:18 +0000 UTC,-5.8451201,-35.2426454,2018-04-15 12:37:35 +0000 UTC,-5.8422265,-35.2057006,5.48,16.02,BRL
Natal,uberX,COMPLETED,2018-04-14 00:31:30 +0000 UTC,2018-04-14 00:36:10 +0000 UTC,-5.8422458,-35.2057319,2018-04-14 00:51:42 +0000 UTC,-5.8451115,-35.2426559,4.80,15.89,BRL
Rio de Janeiro,uberX,COMPLETED,2018-04-13 05:44:32 +0000 UTC,2018-04-13 05:49:57 +0000 UTC,-22.8946578,-43.2254636,2018-04-13 06:03:37 +0000 UTC,-22.8148517,-43.2456783,8.59,25.75,BRL
Rio de Janeiro,uberX,DRIVER_CANCELED,2018-04-13 05:41:21 +0000 UTC,2018-04-13 05:42:15 +0000 UTC,-22.8876309,-43.2240205,1970-01-01 00:00:00 +0000 UTC,-22.8884996,-43.2232189,0.00,0,BRL
Rio de Janeiro,uberX,COMPLETED,2018-04-12 22:30:17 +0000 UTC,2018-04-12 22:40:35 +0000 UTC,-22.9026,-43.17577,2018-04-12 23:06:22 +0000 UTC,-22.90607,-43.2391,7.99,23.48,BRL
Rio de Janeiro,uberX,COMPLETED,2018-04-11 00:17:00 +0000 UTC,2018-04-11 00:19:19 +0000 UTC,-22.900279,-43.2232689,2018-04-11 00:35:48 +0000 UTC,-22.906496699999998,-43.238835,4.40,14.3,BRL
Rio de Janeiro,uberX,COMPLETED,2018-04-08 04:42:56 +0000 UTC,2018-04-08 04:47:32 +0000 UTC,-22.9134912,-43.179925,2018-04-08 05:04:17 +0000 UTC,-22.8947148,-43.2255339,5.71,26.8,BRL
Rio de Janeiro,uberX,COMPLETED,2018-04-07 23:39:59 +0000 UTC,2018-04-07 23:43:31 +0000 UTC,-22.8948565,-43.2255846,2018-04-08 00:00:32 +0000 UTC,-22.9163104,-43.1776118,5.37,17.31,BRL
Rio de Janeiro,uberX,COMPLETED,2018-04-07 18:10:23 +0000 UTC,2018-04-07 18:13:50 +0000 UTC,-22.9129175,-43.2271639,2018-04-07 18:27:33 +0000 UTC,-22.8948287,-43.2255966,3.49,10.25,BRL
Rio de Janeiro,uberX,COMPLETED,2018-04-07 17:40:58 +0000 UTC,2018-04-07 17:43:10 +0000 UTC,-22.8974391,-43.1826024,2018-04-07 17:52:11 +0000 UTC,-22.9132764,-43.2274793,3.73,14.3,BRL
Rio de Janeiro,uberX,COMPLETED,2018-04-07 15:18:20 +0000 UTC,2018-04-07 15:21:14 +0000 UTC,-22.9027038,-43.1784516,2018-04-07 15:32:55 +0000 UTC,-22.896446,-43.1803356,1.50,7.75,BRL
Rio de Janeiro,uberX,COMPLETED,2018-04-07 13:41:58 +0000 UTC,2018-04-07 13:47:16 +0000 UTC,-22.8947674,-43.2255148,2018-04-07 14:05:30 +0000 UTC,-22.9164269,-43.1780061,6.76,17.84,BRL
Rio de Janeiro,uberX,COMPLETED,2018-04-07 05:04:00 +0000 UTC,2018-04-07 05:11:01 +0000 UTC,-22.8962542,-43.2211829,2018-04-07 05:15:54 +0000 UTC,-22.8948319,-43.2255932,1.16,7.75,BRL
Rio de Janeiro,uberX,COMPLETED,2018-04-05 02:40:06 +0000 UTC,2018-04-05 02:42:48 +0000 UTC,-22.9001828,-43.2231296,2018-04-05 02:55:16 +0000 UTC,-22.9062672,-43.2389674,4.08,13.6,BRL
Rio de Janeiro,uberX,COMPLETED,2018-04-02 14:02:27 +0000 UTC,2018-04-02 14:06:07 +0000 UTC,-22.8140759,-43.2468551,2018-04-02 14:25:31 +0000 UTC,-22.8948968,-43.2256134,8.91,23.98,BRL
Rio de Janeiro,uberX,CANCELED,2018-04-02 13:58:13 +0000 UTC,1970-01-01 00:00:00 +0000 UTC,,,1970-01-01 00:00:00 +0000 UTC,,,0.00,0,BRL
Natal,uberX,COMPLETED,2018-04-02 03:52:55 +0000 UTC,2018-04-02 03:59:32 +0000 UTC,-5.8451268,-35.2426289,2018-04-02 04:49:39 +0000 UTC,-5.7628311,-35.373035,22.02,44.54,BRL
Natal,uberX,COMPLETED,2018-04-01 19:23:49 +0000 UTC,2018-04-01 19:28:37 +0000 UTC,-5.8200727,-35.2347659,2018-04-01 19:41:47 +0000 UTC,-5.8451221,-35.2426684,2.69,10.34,BRL
Natal,uberX,COMPLETED,2018-03-20 16:36:56 +0000 UTC,2018-03-20 16:39:07 +0000 UTC,-5.8417908,-35.1980592,2018-03-20 16:53:06 +0000 UTC,-5.826626,-35.2272359,4.08,13.41,BRL
Natal,uberX,COMPLETED,2018-03-18 19:57:47 +0000 UTC,2018-03-18 20:02:16 +0000 UTC,-5.8640677,-35.2153877,2018-03-18 20:12:38 +0000 UTC,-5.835483,-35.209641,2.65,9.73,BRL
Natal,uberX,COMPLETED,2018-03-13 16:45:05 +0000 UTC,2018-03-13 16:47:44 +0000 UTC,-5.841735,-35.1980717,2018-03-13 17:02:19 +0000 UTC,-5.8266115,-35.2272939,4.07,13.49,BRL
Natal,uberX,COMPLETED,2018-03-06 16:53:52 +0000 UTC,2018-03-06 17:02:55 +0000 UTC,-5.8404358,-35.2097567,2018-03-06 17:11:43 +0000 UTC,-5.8239303,-35.2261161,2.52,9.89,BRL
Natal,uberX,COMPLETED,2018-03-04 15:23:59 +0000 UTC,2018-03-04 15:28:14 +0000 UTC,-5.8450544,-35.2426887,2018-03-04 15:40:46 +0000 UTC,-5.8341514,-35.2657369,2.80,11.48,BRL
Natal,uberX,COMPLETED,2018-02-18 21:27:49 +0000 UTC,2018-02-18 21:34:35 +0000 UTC,-5.8200639,-35.234816,2018-02-18 21:52:44 +0000 UTC,-5.8451106,-35.2427131,5.73,17.4,BRL
Natal,uberX,COMPLETED,2018-01-08 18:40:33 +0000 UTC,2018-01-08 18:43:34 +0000 UTC,-5.8200789,-35.2347666,2018-01-08 18:55:38 +0000 UTC,-5.8450952,-35.2426502,2.79,9.71,BRL
Natal,uberX,CANCELED,2017-12-17 08:41:44 +0000 UTC,1970-01-01 00:00:00 +0000 UTC,-5.8495717,-35.1988133,1970-01-01 00:00:00 +0000 UTC,-5.8493283,-35.20016,0.00,6.75,BRL
Natal,uberX,CANCELED,2017-12-17 08:38:05 +0000 UTC,1970-01-01 00:00:00 +0000 UTC,-5.8410862,-35.221421,1970-01-01 00:00:00 +0000 UTC,-5.8410862,-35.221421,0.00,0,BRL
Natal,uberX,COMPLETED,2017-11-25 19:21:01 +0000 UTC,2017-11-25 19:28:11 +0000 UTC,-5.8451293,-35.2426579,2017-11-25 19:51:28 +0000 UTC,-5.8803034,-35.2153187,7.66,18.02,BRL
Natal,uberX,COMPLETED,2017-11-15 09:22:21 +0000 UTC,2017-11-15 09:27:27 +0000 UTC,-5.8434648,-35.199849,2017-11-15 09:30:56 +0000 UTC,-5.8403099,-35.2105363,1.25,6.75,BRL
Natal,uberX,COMPLETED,2017-10-26 02:03:04 +0000 UTC,2017-10-26 02:05:34 +0000 UTC,-5.8410787,-35.2106594,2017-10-26 02:16:35 +0000 UTC,-5.8451372,-35.2426457,3.94,12.74,BRL
Natal,uberX,CANCELED,2017-10-26 01:44:33 +0000 UTC,1970-01-01 00:00:00 +0000 UTC,-5.8549667,-35.19971,1970-01-01 00:00:00 +0000 UTC,-5.8521383,-35.2030567,0.00,6.75,BRL
Natal,uberX,COMPLETED,2017-09-13 00:56:44 +0000 UTC,2017-09-13 01:04:32 +0000 UTC,-5.8424461,-35.2203561,2017-09-13 01:10:06 +0000 UTC,-5.8408847999999995,-35.2106088,1.31,7.95,BRL
Natal,uberX,COMPLETED,2017-09-12 22:56:00 +0000 UTC,2017-09-12 23:01:47 +0000 UTC,-5.8416757,-35.1981666,2017-09-12 23:10:28 +0000 UTC,-5.8424403,-35.2202238,4.58,9.8,BRL
Natal,uberX,CANCELED,2017-09-12 22:40:09 +0000 UTC,1970-01-01 00:00:00 +0000 UTC,-5.83185957606498,-35.20466050130718,1970-01-01 00:00:00 +0000 UTC,-5.83149870102572,-35.20560572656497,0.00,0,BRL
Natal,uberX,COMPLETED,2017-07-16 23:18:21 +0000 UTC,2017-07-16 23:24:08 +0000 UTC,-5.80217235003476,-35.20964062425975,2017-07-16 23:28:55 +0000 UTC,-5.81215524676284,-35.20500861442928,1.13,6.75,BRL
Natal,uberX,COMPLETED,2017-07-16 17:52:14 +0000 UTC,2017-07-16 17:55:28 +0000 UTC,-5.812225,-35.2060517,2017-07-16 18:00:40 +0000 UTC,-5.8020017,-35.209665,1.09,6.75,BRL
Natal,uberX,COMPLETED,2017-06-25 23:31:20 +0000 UTC,2017-06-25 23:35:52 +0000 UTC,-5.8200939,-35.2348813,2017-06-25 23:46:01 +0000 UTC,-5.8451248,-35.2426625,2.81,10.39,BRL
Natal,uberX,COMPLETED,2017-06-12 00:05:06 +0000 UTC,2017-06-12 00:11:52 +0000 UTC,-5.8201392,-35.2348686,2017-06-12 00:22:34 +0000 UTC,-5.8451406,-35.2426506,2.98,10.83,BRL
Natal,uberX,CANCELED,2017-06-04 07:59:12 +0000 UTC,1970-01-01 00:00:00 +0000 UTC,-5.7939942,-35.2222137,1970-01-01 00:00:00 +0000 UTC,-5.7930989,-35.2219779,0.00,0,BRL
Natal,uberX,COMPLETED,2017-05-07 23:29:35 +0000 UTC,2017-05-07 23:33:20 +0000 UTC,-5.8200333,-35.234808,2017-05-07 23:45:42 +0000 UTC,-5.845112,-35.2426602,2.80,13.76,BRL
Natal,uberX,COMPLETED,2017-05-01 02:08:44 +0000 UTC,2017-05-01 02:14:24 +0000 UTC,-5.8451059999999995,-35.2426501,2017-05-01 02:32:38 +0000 UTC,-5.8875487,-35.2009538,5.62,27.07,BRL
Natal,uberX,COMPLETED,2017-04-23 17:40:56 +0000 UTC,2017-04-23 17:46:04 +0000 UTC,-5.8026148,-35.2137416,2017-04-23 18:03:44 +0000 UTC,-5.8451106,-35.2426505,6.19,18.2,BRL
Natal,uberX,COMPLETED,2017-04-23 01:38:25 +0000 UTC,2017-04-23 01:47:51 +0000 UTC,-5.8450866999999995,-35.242675,2017-04-23 02:16:45 +0000 UTC,-5.8896967,-35.207315,10.78,28.98,BRL
Natal,uberX,DRIVER_CANCELED,2017-04-23 01:35:56 +0000 UTC,1970-01-01 00:00:00 +0000 UTC,,,1970-01-01 00:00:00 +0000 UTC,,,0.00,0,BRL
Natal,uberX,COMPLETED,2017-04-08 22:18:11 +0000 UTC,2017-04-08 22:22:28 +0000 UTC,-5.8451197,-35.2426319,2017-04-08 22:41:44 +0000 UTC,-5.8159233,-35.2049347,5.85,17.82,BRL
Natal,uberX,COMPLETED,2017-03-05 21:16:45 +0000 UTC,2017-03-05 21:21:28 +0000 UTC,-5.820015,-35.2348833,2017-03-05 21:34:05 +0000 UTC,-5.8451233,-35.2426733,3.09,13.47,BRL
Natal,uberX,COMPLETED,2017-01-20 11:34:40 +0000 UTC,2017-01-20 11:35:33 +0000 UTC,-5.8419817,-35.209815,2017-01-20 11:49:03 +0000 UTC,-5.845105,-35.2427333,4.62,14.48,BRL
Natal,uberX,COMPLETED,2017-01-20 10:04:28 +0000 UTC,2017-01-20 10:16:06 +0000 UTC,-5.8451433999999995,-35.2426543,2017-01-20 10:29:21 +0000 UTC,-5.841091,-35.2106686,4.58,14.34,BRL
Natal,uberX,COMPLETED,2017-01-15 03:18:04 +0000 UTC,2017-01-15 03:25:05 +0000 UTC,-5.7933655,-35.2045356,2017-01-15 03:41:55 +0000 UTC,-5.8451414,-35.242674,6.93,19.49,BRL
